ISO-10303-21;
HEADER;
/*Generated by software containing ST-Developer
 * from STEP Tools, Inc. (www.steptools.com) 
 */
/*OPTION: using custom renumber hook */
/*description */
/*implementation_level */
FILE_DESCRIPTION(('STEP AP242 Edition 2','STEP AP242 Edition 2''CAx-IF Rec.Pracs.---Representation and Presentation of Product Manufa
cturing Information (PMI)---4.0---2014-10-13','STEP AP242 Edition 2''CAx-IF Rec.Pracs.---Representation and Presentation of Product Manufa
cturing Information (PMI)---4.0---2014-10-13''CAx-IF Rec.Pracs.---3D Tessellated Geometry---0.4---2014-09-14','STEP AP242 Edition 2''CAx-IF Rec.Pracs.---Representation and Presentation of Product Manufa
cturing Information (PMI)---4.0---2014-10-13''CAx-IF Rec.Pracs.---3D Tessellated Geometry---0.4---2014-09-14''2;1','STEP AP242 Edition 2''CAx-IF Rec.Pracs.---Representation and Presentation of Product Manufa
cturing Information (PMI)---4.0---2014-10-13''CAx-IF Rec.Pracs.---3D Tessellated Geometry---0.4---2014-09-14''2;1''CAx-IF Rec.Pracs.---User Defined Attributes---1.5---2016-08-15'),'2;1');
/*name */
/*time_stamp */
/*author */
/*organization */
/*preprocessor_version */
/*originating_system */
/*authorisation */
FILE_NAME('/vol/tmp/translate-6367331223584413373/Part Studio 1 - fond.step','2026-03-07T13:58:56',(''),(''),'ST-DEVELOPER v20','ONSHAPE BY PTC INC, 1.211','  ');
FILE_SCHEMA(('AP242_MANAGED_MODEL_BASED_3D_ENGINEERING_MIM_LF { 1 0 10303 442 3 1 4 }'));
ENDSEC;
DATA;
#10=SHAPE_REPRESENTATION_RELATIONSHIP('','',#944,#11);
#11=ADVANCED_BREP_SHAPE_REPRESENTATION('',(#942),#1531);
#12=VERTEX_LOOP('',#518);
#13=VERTEX_LOOP('',#520);
#14=CONICAL_SURFACE('',#999,0.002,1.02974425867665);
#15=CONICAL_SURFACE('',#1002,0.002,1.02974425867665);
#16=CYLINDRICAL_SURFACE('',#982,0.00675);
#17=CYLINDRICAL_SURFACE('',#1001,0.002);
#18=CYLINDRICAL_SURFACE('',#1004,0.002);
#19=CYLINDRICAL_SURFACE('',#1008,0.001);
#20=CYLINDRICAL_SURFACE('',#1009,0.001);
#21=CYLINDRICAL_SURFACE('',#1010,0.001);
#22=CYLINDRICAL_SURFACE('',#1011,0.001);
#23=CYLINDRICAL_SURFACE('',#1012,0.0015);
#24=CYLINDRICAL_SURFACE('',#1013,0.0015);
#25=CYLINDRICAL_SURFACE('',#1014,0.0015);
#26=CYLINDRICAL_SURFACE('',#1015,0.0015);
#27=CIRCLE('',#947,0.001);
#28=CIRCLE('',#948,0.001);
#29=CIRCLE('',#949,0.001);
#30=CIRCLE('',#950,0.001);
#31=CIRCLE('',#952,0.00675);
#32=CIRCLE('',#960,0.0015);
#33=CIRCLE('',#961,0.0015);
#34=CIRCLE('',#962,0.0015);
#35=CIRCLE('',#963,0.0015);
#36=CIRCLE('',#966,0.001);
#37=CIRCLE('',#967,0.001);
#38=CIRCLE('',#968,0.001);
#39=CIRCLE('',#969,0.001);
#40=CIRCLE('',#973,0.00675);
#41=CIRCLE('',#974,0.0015);
#42=CIRCLE('',#975,0.0015);
#43=CIRCLE('',#976,0.0015);
#44=CIRCLE('',#977,0.0015);
#45=CIRCLE('',#995,0.002);
#46=CIRCLE('',#997,0.002);
#47=CIRCLE('',#1000,0.002);
#48=CIRCLE('',#1003,0.002);
#49=ORIENTED_EDGE('',*,*,#305,.F.);
#50=ORIENTED_EDGE('',*,*,#306,.F.);
#51=ORIENTED_EDGE('',*,*,#307,.F.);
#52=ORIENTED_EDGE('',*,*,#308,.F.);
#53=ORIENTED_EDGE('',*,*,#309,.F.);
#54=ORIENTED_EDGE('',*,*,#310,.T.);
#55=ORIENTED_EDGE('',*,*,#311,.F.);
#56=ORIENTED_EDGE('',*,*,#312,.F.);
#57=ORIENTED_EDGE('',*,*,#313,.T.);
#58=ORIENTED_EDGE('',*,*,#314,.T.);
#59=ORIENTED_EDGE('',*,*,#315,.T.);
#60=ORIENTED_EDGE('',*,*,#316,.F.);
#61=ORIENTED_EDGE('',*,*,#317,.T.);
#62=ORIENTED_EDGE('',*,*,#318,.T.);
#63=ORIENTED_EDGE('',*,*,#319,.T.);
#64=ORIENTED_EDGE('',*,*,#320,.T.);
#65=ORIENTED_EDGE('',*,*,#321,.T.);
#66=ORIENTED_EDGE('',*,*,#322,.F.);
#67=ORIENTED_EDGE('',*,*,#323,.F.);
#68=ORIENTED_EDGE('',*,*,#324,.F.);
#69=ORIENTED_EDGE('',*,*,#325,.T.);
#70=ORIENTED_EDGE('',*,*,#326,.F.);
#71=ORIENTED_EDGE('',*,*,#327,.T.);
#72=ORIENTED_EDGE('',*,*,#328,.F.);
#73=ORIENTED_EDGE('',*,*,#325,.F.);
#74=ORIENTED_EDGE('',*,*,#329,.F.);
#75=ORIENTED_EDGE('',*,*,#330,.T.);
#76=ORIENTED_EDGE('',*,*,#331,.T.);
#77=ORIENTED_EDGE('',*,*,#313,.F.);
#78=ORIENTED_EDGE('',*,*,#332,.F.);
#79=ORIENTED_EDGE('',*,*,#333,.F.);
#80=ORIENTED_EDGE('',*,*,#334,.F.);
#81=ORIENTED_EDGE('',*,*,#335,.F.);
#82=ORIENTED_EDGE('',*,*,#336,.T.);
#83=ORIENTED_EDGE('',*,*,#337,.T.);
#84=ORIENTED_EDGE('',*,*,#338,.F.);
#85=ORIENTED_EDGE('',*,*,#339,.F.);
#86=ORIENTED_EDGE('',*,*,#340,.T.);
#87=ORIENTED_EDGE('',*,*,#341,.F.);
#88=ORIENTED_EDGE('',*,*,#342,.F.);
#89=ORIENTED_EDGE('',*,*,#343,.T.);
#90=ORIENTED_EDGE('',*,*,#306,.T.);
#91=ORIENTED_EDGE('',*,*,#344,.F.);
#92=ORIENTED_EDGE('',*,*,#345,.T.);
#93=ORIENTED_EDGE('',*,*,#346,.T.);
#94=ORIENTED_EDGE('',*,*,#347,.F.);
#95=ORIENTED_EDGE('',*,*,#348,.F.);
#96=ORIENTED_EDGE('',*,*,#349,.T.);
#97=ORIENTED_EDGE('',*,*,#347,.T.);
#98=ORIENTED_EDGE('',*,*,#350,.F.);
#99=ORIENTED_EDGE('',*,*,#351,.F.);
#100=ORIENTED_EDGE('',*,*,#308,.T.);
#101=ORIENTED_EDGE('',*,*,#352,.T.);
#102=ORIENTED_EDGE('',*,*,#353,.T.);
#103=ORIENTED_EDGE('',*,*,#310,.F.);
#104=ORIENTED_EDGE('',*,*,#354,.T.);
#105=ORIENTED_EDGE('',*,*,#355,.F.);
#106=ORIENTED_EDGE('',*,*,#356,.T.);
#107=ORIENTED_EDGE('',*,*,#357,.T.);
#108=ORIENTED_EDGE('',*,*,#358,.T.);
#109=ORIENTED_EDGE('',*,*,#359,.T.);
#110=ORIENTED_EDGE('',*,*,#360,.F.);
#111=ORIENTED_EDGE('',*,*,#361,.T.);
#112=ORIENTED_EDGE('',*,*,#362,.T.);
#113=ORIENTED_EDGE('',*,*,#340,.F.);
#114=ORIENTED_EDGE('',*,*,#363,.T.);
#115=ORIENTED_EDGE('',*,*,#364,.T.);
#116=ORIENTED_EDGE('',*,*,#365,.F.);
#117=ORIENTED_EDGE('',*,*,#336,.F.);
#118=ORIENTED_EDGE('',*,*,#366,.T.);
#119=ORIENTED_EDGE('',*,*,#356,.F.);
#120=ORIENTED_EDGE('',*,*,#367,.F.);
#121=ORIENTED_EDGE('',*,*,#368,.T.);
#122=ORIENTED_EDGE('',*,*,#352,.F.);
#123=ORIENTED_EDGE('',*,*,#369,.T.);
#124=ORIENTED_EDGE('',*,*,#350,.T.);
#125=ORIENTED_EDGE('',*,*,#346,.F.);
#126=ORIENTED_EDGE('',*,*,#370,.F.);
#127=ORIENTED_EDGE('',*,*,#371,.T.);
#128=ORIENTED_EDGE('',*,*,#372,.T.);
#129=ORIENTED_EDGE('',*,*,#373,.T.);
#130=ORIENTED_EDGE('',*,*,#374,.T.);
#131=ORIENTED_EDGE('',*,*,#375,.T.);
#132=ORIENTED_EDGE('',*,*,#376,.F.);
#133=ORIENTED_EDGE('',*,*,#377,.T.);
#134=ORIENTED_EDGE('',*,*,#354,.F.);
#135=ORIENTED_EDGE('',*,*,#309,.T.);
#136=ORIENTED_EDGE('',*,*,#351,.T.);
#137=ORIENTED_EDGE('',*,*,#369,.F.);
#138=ORIENTED_EDGE('',*,*,#372,.F.);
#139=ORIENTED_EDGE('',*,*,#378,.T.);
#140=ORIENTED_EDGE('',*,*,#379,.T.);
#141=ORIENTED_EDGE('',*,*,#380,.T.);
#142=ORIENTED_EDGE('',*,*,#381,.F.);
#143=ORIENTED_EDGE('',*,*,#382,.T.);
#144=ORIENTED_EDGE('',*,*,#383,.T.);
#145=ORIENTED_EDGE('',*,*,#384,.T.);
#146=ORIENTED_EDGE('',*,*,#385,.T.);
#147=ORIENTED_EDGE('',*,*,#386,.T.);
#148=ORIENTED_EDGE('',*,*,#387,.F.);
#149=ORIENTED_EDGE('',*,*,#388,.T.);
#150=ORIENTED_EDGE('',*,*,#389,.F.);
#151=ORIENTED_EDGE('',*,*,#390,.T.);
#152=ORIENTED_EDGE('',*,*,#370,.T.);
#153=ORIENTED_EDGE('',*,*,#391,.T.);
#154=ORIENTED_EDGE('',*,*,#392,.F.);
#155=ORIENTED_EDGE('',*,*,#393,.T.);
#156=ORIENTED_EDGE('',*,*,#376,.T.);
#157=ORIENTED_EDGE('',*,*,#394,.T.);
#158=ORIENTED_EDGE('',*,*,#374,.F.);
#159=ORIENTED_EDGE('',*,*,#395,.T.);
#160=ORIENTED_EDGE('',*,*,#396,.T.);
#161=ORIENTED_EDGE('',*,*,#397,.T.);
#162=ORIENTED_EDGE('',*,*,#398,.F.);
#163=ORIENTED_EDGE('',*,*,#379,.F.);
#164=ORIENTED_EDGE('',*,*,#399,.T.);
#165=ORIENTED_EDGE('',*,*,#389,.T.);
#166=ORIENTED_EDGE('',*,*,#400,.T.);
#167=ORIENTED_EDGE('',*,*,#392,.T.);
#168=ORIENTED_EDGE('',*,*,#401,.T.);
#169=ORIENTED_EDGE('',*,*,#396,.F.);
#170=ORIENTED_EDGE('',*,*,#402,.T.);
#171=ORIENTED_EDGE('',*,*,#385,.F.);
#172=ORIENTED_EDGE('',*,*,#403,.T.);
#173=ORIENTED_EDGE('',*,*,#318,.F.);
#174=ORIENTED_EDGE('',*,*,#404,.T.);
#175=ORIENTED_EDGE('',*,*,#387,.T.);
#176=ORIENTED_EDGE('',*,*,#405,.T.);
#177=ORIENTED_EDGE('',*,*,#316,.T.);
#178=ORIENTED_EDGE('',*,*,#406,.T.);
#179=ORIENTED_EDGE('',*,*,#383,.F.);
#180=ORIENTED_EDGE('',*,*,#407,.T.);
#181=ORIENTED_EDGE('',*,*,#320,.F.);
#182=ORIENTED_EDGE('',*,*,#408,.T.);
#183=ORIENTED_EDGE('',*,*,#322,.T.);
#184=ORIENTED_EDGE('',*,*,#409,.T.);
#185=ORIENTED_EDGE('',*,*,#381,.T.);
#186=ORIENTED_EDGE('',*,*,#410,.T.);
#187=ORIENTED_EDGE('',*,*,#314,.F.);
#188=ORIENTED_EDGE('',*,*,#331,.F.);
#189=ORIENTED_EDGE('',*,*,#411,.T.);
#190=ORIENTED_EDGE('',*,*,#412,.T.);
#191=ORIENTED_EDGE('',*,*,#327,.F.);
#192=ORIENTED_EDGE('',*,*,#398,.T.);
#193=ORIENTED_EDGE('',*,*,#330,.F.);
#194=ORIENTED_EDGE('',*,*,#413,.T.);
#195=ORIENTED_EDGE('',*,*,#414,.T.);
#196=ORIENTED_EDGE('',*,*,#411,.F.);
#197=ORIENTED_EDGE('',*,*,#415,.T.);
#198=ORIENTED_EDGE('',*,*,#323,.T.);
#199=ORIENTED_EDGE('',*,*,#412,.F.);
#200=ORIENTED_EDGE('',*,*,#414,.F.);
#201=ORIENTED_EDGE('',*,*,#413,.F.);
#202=ORIENTED_EDGE('',*,*,#329,.T.);
#203=ORIENTED_EDGE('',*,*,#324,.T.);
#204=ORIENTED_EDGE('',*,*,#415,.F.);
#205=ORIENTED_EDGE('',*,*,#416,.T.);
#206=ORIENTED_EDGE('',*,*,#417,.T.);
#207=ORIENTED_EDGE('',*,*,#418,.F.);
#208=ORIENTED_EDGE('',*,*,#364,.F.);
#209=ORIENTED_EDGE('',*,*,#337,.F.);
#210=ORIENTED_EDGE('',*,*,#365,.T.);
#211=ORIENTED_EDGE('',*,*,#418,.T.);
#212=ORIENTED_EDGE('',*,*,#419,.F.);
#213=ORIENTED_EDGE('',*,*,#363,.F.);
#214=ORIENTED_EDGE('',*,*,#339,.T.);
#215=ORIENTED_EDGE('',*,*,#420,.T.);
#216=ORIENTED_EDGE('',*,*,#416,.F.);
#217=ORIENTED_EDGE('',*,*,#420,.F.);
#218=ORIENTED_EDGE('',*,*,#338,.T.);
#219=ORIENTED_EDGE('',*,*,#419,.T.);
#220=ORIENTED_EDGE('',*,*,#417,.F.);
#221=ORIENTED_EDGE('',*,*,#421,.F.);
#222=ORIENTED_EDGE('',*,*,#334,.T.);
#223=ORIENTED_EDGE('',*,*,#422,.T.);
#224=ORIENTED_EDGE('',*,*,#358,.F.);
#225=ORIENTED_EDGE('',*,*,#366,.F.);
#226=ORIENTED_EDGE('',*,*,#335,.T.);
#227=ORIENTED_EDGE('',*,*,#421,.T.);
#228=ORIENTED_EDGE('',*,*,#357,.F.);
#229=ORIENTED_EDGE('',*,*,#422,.F.);
#230=ORIENTED_EDGE('',*,*,#333,.T.);
#231=ORIENTED_EDGE('',*,*,#423,.T.);
#232=ORIENTED_EDGE('',*,*,#359,.F.);
#233=ORIENTED_EDGE('',*,*,#423,.F.);
#234=ORIENTED_EDGE('',*,*,#332,.T.);
#235=ORIENTED_EDGE('',*,*,#312,.T.);
#236=ORIENTED_EDGE('',*,*,#424,.F.);
#237=ORIENTED_EDGE('',*,*,#367,.T.);
#238=ORIENTED_EDGE('',*,*,#355,.T.);
#239=ORIENTED_EDGE('',*,*,#425,.T.);
#240=ORIENTED_EDGE('',*,*,#368,.F.);
#241=ORIENTED_EDGE('',*,*,#424,.T.);
#242=ORIENTED_EDGE('',*,*,#311,.T.);
#243=ORIENTED_EDGE('',*,*,#353,.F.);
#244=ORIENTED_EDGE('',*,*,#426,.T.);
#245=ORIENTED_EDGE('',*,*,#307,.T.);
#246=ORIENTED_EDGE('',*,*,#343,.F.);
#247=ORIENTED_EDGE('',*,*,#427,.F.);
#248=ORIENTED_EDGE('',*,*,#348,.T.);
#249=ORIENTED_EDGE('',*,*,#349,.F.);
#250=ORIENTED_EDGE('',*,*,#427,.T.);
#251=ORIENTED_EDGE('',*,*,#342,.T.);
#252=ORIENTED_EDGE('',*,*,#428,.T.);
#253=ORIENTED_EDGE('',*,*,#344,.T.);
#254=ORIENTED_EDGE('',*,*,#429,.F.);
#255=ORIENTED_EDGE('',*,*,#429,.T.);
#256=ORIENTED_EDGE('',*,*,#426,.F.);
#257=ORIENTED_EDGE('',*,*,#430,.F.);
#258=ORIENTED_EDGE('',*,*,#430,.T.);
#259=ORIENTED_EDGE('',*,*,#425,.F.);
#260=ORIENTED_EDGE('',*,*,#428,.F.);
#261=ORIENTED_EDGE('',*,*,#431,.F.);
#262=ORIENTED_EDGE('',*,*,#360,.T.);
#263=ORIENTED_EDGE('',*,*,#345,.F.);
#264=ORIENTED_EDGE('',*,*,#431,.T.);
#265=ORIENTED_EDGE('',*,*,#341,.T.);
#266=ORIENTED_EDGE('',*,*,#305,.T.);
#267=ORIENTED_EDGE('',*,*,#432,.F.);
#268=ORIENTED_EDGE('',*,*,#361,.F.);
#269=ORIENTED_EDGE('',*,*,#362,.F.);
#270=ORIENTED_EDGE('',*,*,#432,.T.);
#271=ORIENTED_EDGE('',*,*,#326,.T.);
#272=ORIENTED_EDGE('',*,*,#328,.T.);
#273=ORIENTED_EDGE('',*,*,#321,.F.);
#274=ORIENTED_EDGE('',*,*,#407,.F.);
#275=ORIENTED_EDGE('',*,*,#382,.F.);
#276=ORIENTED_EDGE('',*,*,#409,.F.);
#277=ORIENTED_EDGE('',*,*,#319,.F.);
#278=ORIENTED_EDGE('',*,*,#403,.F.);
#279=ORIENTED_EDGE('',*,*,#384,.F.);
#280=ORIENTED_EDGE('',*,*,#408,.F.);
#281=ORIENTED_EDGE('',*,*,#317,.F.);
#282=ORIENTED_EDGE('',*,*,#405,.F.);
#283=ORIENTED_EDGE('',*,*,#386,.F.);
#284=ORIENTED_EDGE('',*,*,#404,.F.);
#285=ORIENTED_EDGE('',*,*,#315,.F.);
#286=ORIENTED_EDGE('',*,*,#410,.F.);
#287=ORIENTED_EDGE('',*,*,#388,.F.);
#288=ORIENTED_EDGE('',*,*,#406,.F.);
#289=ORIENTED_EDGE('',*,*,#371,.F.);
#290=ORIENTED_EDGE('',*,*,#390,.F.);
#291=ORIENTED_EDGE('',*,*,#399,.F.);
#292=ORIENTED_EDGE('',*,*,#378,.F.);
#293=ORIENTED_EDGE('',*,*,#373,.F.);
#294=ORIENTED_EDGE('',*,*,#380,.F.);
#295=ORIENTED_EDGE('',*,*,#402,.F.);
#296=ORIENTED_EDGE('',*,*,#395,.F.);
#297=ORIENTED_EDGE('',*,*,#377,.F.);
#298=ORIENTED_EDGE('',*,*,#393,.F.);
#299=ORIENTED_EDGE('',*,*,#400,.F.);
#300=ORIENTED_EDGE('',*,*,#391,.F.);
#301=ORIENTED_EDGE('',*,*,#375,.F.);
#302=ORIENTED_EDGE('',*,*,#397,.F.);
#303=ORIENTED_EDGE('',*,*,#401,.F.);
#304=ORIENTED_EDGE('',*,*,#394,.F.);
#305=EDGE_CURVE('',#433,#434,#522,.T.);
#306=EDGE_CURVE('',#435,#433,#523,.T.);
#307=EDGE_CURVE('',#436,#435,#524,.T.);
#308=EDGE_CURVE('',#437,#436,#525,.T.);
#309=EDGE_CURVE('',#438,#437,#526,.T.);
#310=EDGE_CURVE('',#438,#439,#527,.T.);
#311=EDGE_CURVE('',#440,#439,#528,.T.);
#312=EDGE_CURVE('',#441,#440,#529,.T.);
#313=EDGE_CURVE('',#441,#442,#530,.T.);
#314=EDGE_CURVE('',#442,#443,#531,.T.);
#315=EDGE_CURVE('',#443,#444,#27,.T.);
#316=EDGE_CURVE('',#445,#444,#532,.T.);
#317=EDGE_CURVE('',#445,#446,#28,.T.);
#318=EDGE_CURVE('',#446,#447,#533,.T.);
#319=EDGE_CURVE('',#447,#448,#29,.T.);
#320=EDGE_CURVE('',#448,#449,#534,.T.);
#321=EDGE_CURVE('',#449,#450,#30,.T.);
#322=EDGE_CURVE('',#451,#450,#535,.T.);
#323=EDGE_CURVE('',#452,#451,#536,.T.);
#324=EDGE_CURVE('',#453,#452,#537,.T.);
#325=EDGE_CURVE('',#453,#454,#538,.T.);
#326=EDGE_CURVE('',#434,#454,#539,.T.);
#327=EDGE_CURVE('',#455,#455,#31,.T.);
#328=EDGE_CURVE('',#454,#456,#540,.T.);
#329=EDGE_CURVE('',#457,#453,#541,.T.);
#330=EDGE_CURVE('',#457,#458,#542,.T.);
#331=EDGE_CURVE('',#458,#442,#543,.T.);
#332=EDGE_CURVE('',#459,#441,#544,.T.);
#333=EDGE_CURVE('',#460,#459,#545,.T.);
#334=EDGE_CURVE('',#461,#460,#546,.T.);
#335=EDGE_CURVE('',#462,#461,#547,.T.);
#336=EDGE_CURVE('',#462,#463,#548,.T.);
#337=EDGE_CURVE('',#463,#464,#549,.T.);
#338=EDGE_CURVE('',#465,#464,#550,.T.);
#339=EDGE_CURVE('',#466,#465,#551,.T.);
#340=EDGE_CURVE('',#466,#456,#552,.T.);
#341=EDGE_CURVE('',#467,#433,#553,.T.);
#342=EDGE_CURVE('',#468,#467,#554,.T.);
#343=EDGE_CURVE('',#468,#435,#555,.T.);
#344=EDGE_CURVE('',#469,#470,#556,.T.);
#345=EDGE_CURVE('',#469,#471,#557,.T.);
#346=EDGE_CURVE('',#471,#472,#558,.T.);
#347=EDGE_CURVE('',#470,#472,#559,.T.);
#348=EDGE_CURVE('',#473,#436,#560,.T.);
#349=EDGE_CURVE('',#473,#470,#561,.T.);
#350=EDGE_CURVE('',#474,#472,#562,.T.);
#351=EDGE_CURVE('',#437,#474,#563,.T.);
#352=EDGE_CURVE('',#475,#476,#564,.T.);
#353=EDGE_CURVE('',#476,#439,#565,.T.);
#354=EDGE_CURVE('',#438,#475,#566,.T.);
#355=EDGE_CURVE('',#477,#478,#567,.T.);
#356=EDGE_CURVE('',#477,#479,#568,.T.);
#357=EDGE_CURVE('',#479,#480,#569,.T.);
#358=EDGE_CURVE('',#480,#481,#570,.T.);
#359=EDGE_CURVE('',#481,#478,#571,.T.);
#360=EDGE_CURVE('',#482,#471,#572,.T.);
#361=EDGE_CURVE('',#482,#483,#573,.T.);
#362=EDGE_CURVE('',#483,#456,#574,.T.);
#363=EDGE_CURVE('',#466,#484,#575,.T.);
#364=EDGE_CURVE('',#484,#485,#576,.T.);
#365=EDGE_CURVE('',#463,#485,#577,.T.);
#366=EDGE_CURVE('',#462,#479,#578,.T.);
#367=EDGE_CURVE('',#486,#477,#579,.T.);
#368=EDGE_CURVE('',#486,#476,#580,.T.);
#369=EDGE_CURVE('',#475,#474,#581,.T.);
#370=EDGE_CURVE('',#487,#488,#582,.T.);
#371=EDGE_CURVE('',#487,#489,#32,.F.);
#372=EDGE_CURVE('',#489,#490,#583,.T.);
#373=EDGE_CURVE('',#490,#491,#33,.F.);
#374=EDGE_CURVE('',#491,#492,#584,.T.);
#375=EDGE_CURVE('',#492,#493,#34,.F.);
#376=EDGE_CURVE('',#494,#493,#585,.T.);
#377=EDGE_CURVE('',#494,#488,#35,.F.);
#378=EDGE_CURVE('',#489,#495,#586,.T.);
#379=EDGE_CURVE('',#495,#496,#587,.T.);
#380=EDGE_CURVE('',#496,#490,#588,.F.);
#381=EDGE_CURVE('',#497,#498,#589,.T.);
#382=EDGE_CURVE('',#497,#499,#36,.F.);
#383=EDGE_CURVE('',#499,#500,#590,.T.);
#384=EDGE_CURVE('',#500,#501,#37,.F.);
#385=EDGE_CURVE('',#501,#502,#591,.T.);
#386=EDGE_CURVE('',#502,#503,#38,.F.);
#387=EDGE_CURVE('',#504,#503,#592,.T.);
#388=EDGE_CURVE('',#504,#498,#39,.F.);
#389=EDGE_CURVE('',#505,#506,#593,.T.);
#390=EDGE_CURVE('',#505,#487,#594,.F.);
#391=EDGE_CURVE('',#488,#506,#595,.T.);
#392=EDGE_CURVE('',#507,#508,#596,.T.);
#393=EDGE_CURVE('',#507,#494,#597,.F.);
#394=EDGE_CURVE('',#493,#508,#598,.T.);
#395=EDGE_CURVE('',#491,#509,#599,.T.);
#396=EDGE_CURVE('',#509,#510,#600,.T.);
#397=EDGE_CURVE('',#510,#492,#601,.F.);
#398=EDGE_CURVE('',#511,#511,#40,.T.);
#399=EDGE_CURVE('',#495,#505,#41,.T.);
#400=EDGE_CURVE('',#506,#507,#42,.T.);
#401=EDGE_CURVE('',#508,#510,#43,.T.);
#402=EDGE_CURVE('',#509,#496,#44,.T.);
#403=EDGE_CURVE('',#501,#447,#602,.F.);
#404=EDGE_CURVE('',#446,#502,#603,.T.);
#405=EDGE_CURVE('',#503,#445,#604,.F.);
#406=EDGE_CURVE('',#444,#504,#605,.T.);
#407=EDGE_CURVE('',#499,#449,#606,.F.);
#408=EDGE_CURVE('',#448,#500,#607,.T.);
#409=EDGE_CURVE('',#450,#497,#608,.T.);
#410=EDGE_CURVE('',#498,#443,#609,.F.);
#411=EDGE_CURVE('',#458,#512,#610,.T.);
#412=EDGE_CURVE('',#512,#451,#611,.T.);
#413=EDGE_CURVE('',#457,#513,#612,.T.);
#414=EDGE_CURVE('',#513,#512,#613,.T.);
#415=EDGE_CURVE('',#513,#452,#614,.T.);
#416=EDGE_CURVE('',#484,#514,#615,.T.);
#417=EDGE_CURVE('',#514,#515,#616,.T.);
#418=EDGE_CURVE('',#485,#515,#617,.T.);
#419=EDGE_CURVE('',#464,#515,#618,.T.);
#420=EDGE_CURVE('',#465,#514,#619,.T.);
#421=EDGE_CURVE('',#461,#480,#620,.T.);
#422=EDGE_CURVE('',#460,#481,#621,.T.);
#423=EDGE_CURVE('',#459,#478,#622,.T.);
#424=EDGE_CURVE('',#486,#440,#623,.T.);
#425=EDGE_CURVE('',#516,#516,#45,.T.);
#426=EDGE_CURVE('',#517,#517,#46,.T.);
#427=EDGE_CURVE('',#473,#468,#624,.T.);
#428=EDGE_CURVE('',#467,#469,#625,.T.);
#429=EDGE_CURVE('',#519,#519,#47,.T.);
#430=EDGE_CURVE('',#521,#521,#48,.T.);
#431=EDGE_CURVE('',#482,#467,#626,.T.);
#432=EDGE_CURVE('',#483,#434,#627,.T.);
#433=VERTEX_POINT('',#1267);
#434=VERTEX_POINT('',#1268);
#435=VERTEX_POINT('',#1270);
#436=VERTEX_POINT('',#1272);
#437=VERTEX_POINT('',#1274);
#438=VERTEX_POINT('',#1276);
#439=VERTEX_POINT('',#1278);
#440=VERTEX_POINT('',#1280);
#441=VERTEX_POINT('',#1282);
#442=VERTEX_POINT('',#1284);
#443=VERTEX_POINT('',#1286);
#444=VERTEX_POINT('',#1288);
#445=VERTEX_POINT('',#1290);
#446=VERTEX_POINT('',#1292);
#447=VERTEX_POINT('',#1294);
#448=VERTEX_POINT('',#1296);
#449=VERTEX_POINT('',#1298);
#450=VERTEX_POINT('',#1300);
#451=VERTEX_POINT('',#1302);
#452=VERTEX_POINT('',#1304);
#453=VERTEX_POINT('',#1306);
#454=VERTEX_POINT('',#1308);
#455=VERTEX_POINT('',#1312);
#456=VERTEX_POINT('',#1314);
#457=VERTEX_POINT('',#1316);
#458=VERTEX_POINT('',#1318);
#459=VERTEX_POINT('',#1321);
#460=VERTEX_POINT('',#1323);
#461=VERTEX_POINT('',#1325);
#462=VERTEX_POINT('',#1327);
#463=VERTEX_POINT('',#1329);
#464=VERTEX_POINT('',#1331);
#465=VERTEX_POINT('',#1333);
#466=VERTEX_POINT('',#1335);
#467=VERTEX_POINT('',#1339);
#468=VERTEX_POINT('',#1341);
#469=VERTEX_POINT('',#1345);
#470=VERTEX_POINT('',#1346);
#471=VERTEX_POINT('',#1348);
#472=VERTEX_POINT('',#1350);
#473=VERTEX_POINT('',#1354);
#474=VERTEX_POINT('',#1357);
#475=VERTEX_POINT('',#1361);
#476=VERTEX_POINT('',#1362);
#477=VERTEX_POINT('',#1367);
#478=VERTEX_POINT('',#1368);
#479=VERTEX_POINT('',#1370);
#480=VERTEX_POINT('',#1372);
#481=VERTEX_POINT('',#1374);
#482=VERTEX_POINT('',#1378);
#483=VERTEX_POINT('',#1380);
#484=VERTEX_POINT('',#1383);
#485=VERTEX_POINT('',#1385);
#486=VERTEX_POINT('',#1389);
#487=VERTEX_POINT('',#1394);
#488=VERTEX_POINT('',#1395);
#489=VERTEX_POINT('',#1397);
#490=VERTEX_POINT('',#1399);
#491=VERTEX_POINT('',#1401);
#492=VERTEX_POINT('',#1403);
#493=VERTEX_POINT('',#1405);
#494=VERTEX_POINT('',#1407);
#495=VERTEX_POINT('',#1411);
#496=VERTEX_POINT('',#1413);
#497=VERTEX_POINT('',#1417);
#498=VERTEX_POINT('',#1418);
#499=VERTEX_POINT('',#1420);
#500=VERTEX_POINT('',#1422);
#501=VERTEX_POINT('',#1424);
#502=VERTEX_POINT('',#1426);
#503=VERTEX_POINT('',#1428);
#504=VERTEX_POINT('',#1430);
#505=VERTEX_POINT('',#1433);
#506=VERTEX_POINT('',#1434);
#507=VERTEX_POINT('',#1439);
#508=VERTEX_POINT('',#1440);
#509=VERTEX_POINT('',#1445);
#510=VERTEX_POINT('',#1447);
#511=VERTEX_POINT('',#1451);
#512=VERTEX_POINT('',#1469);
#513=VERTEX_POINT('',#1474);
#514=VERTEX_POINT('',#1481);
#515=VERTEX_POINT('',#1483);
#516=VERTEX_POINT('',#1500);
#517=VERTEX_POINT('',#1503);
#518=VERTEX_POINT('',#1508);
#519=VERTEX_POINT('',#1510);
#520=VERTEX_POINT('',#1513);
#521=VERTEX_POINT('',#1515);
#522=LINE('',#1266,#628);
#523=LINE('',#1269,#629);
#524=LINE('',#1271,#630);
#525=LINE('',#1273,#631);
#526=LINE('',#1275,#632);
#527=LINE('',#1277,#633);
#528=LINE('',#1279,#634);
#529=LINE('',#1281,#635);
#530=LINE('',#1283,#636);
#531=LINE('',#1285,#637);
#532=LINE('',#1289,#638);
#533=LINE('',#1293,#639);
#534=LINE('',#1297,#640);
#535=LINE('',#1301,#641);
#536=LINE('',#1303,#642);
#537=LINE('',#1305,#643);
#538=LINE('',#1307,#644);
#539=LINE('',#1309,#645);
#540=LINE('',#1313,#646);
#541=LINE('',#1315,#647);
#542=LINE('',#1317,#648);
#543=LINE('',#1319,#649);
#544=LINE('',#1320,#650);
#545=LINE('',#1322,#651);
#546=LINE('',#1324,#652);
#547=LINE('',#1326,#653);
#548=LINE('',#1328,#654);
#549=LINE('',#1330,#655);
#550=LINE('',#1332,#656);
#551=LINE('',#1334,#657);
#552=LINE('',#1336,#658);
#553=LINE('',#1338,#659);
#554=LINE('',#1340,#660);
#555=LINE('',#1342,#661);
#556=LINE('',#1344,#662);
#557=LINE('',#1347,#663);
#558=LINE('',#1349,#664);
#559=LINE('',#1351,#665);
#560=LINE('',#1353,#666);
#561=LINE('',#1355,#667);
#562=LINE('',#1356,#668);
#563=LINE('',#1358,#669);
#564=LINE('',#1360,#670);
#565=LINE('',#1363,#671);
#566=LINE('',#1364,#672);
#567=LINE('',#1366,#673);
#568=LINE('',#1369,#674);
#569=LINE('',#1371,#675);
#570=LINE('',#1373,#676);
#571=LINE('',#1375,#677);
#572=LINE('',#1377,#678);
#573=LINE('',#1379,#679);
#574=LINE('',#1381,#680);
#575=LINE('',#1382,#681);
#576=LINE('',#1384,#682);
#577=LINE('',#1386,#683);
#578=LINE('',#1387,#684);
#579=LINE('',#1388,#685);
#580=LINE('',#1390,#686);
#581=LINE('',#1391,#687);
#582=LINE('',#1393,#688);
#583=LINE('',#1398,#689);
#584=LINE('',#1402,#690);
#585=LINE('',#1406,#691);
#586=LINE('',#1410,#692);
#587=LINE('',#1412,#693);
#588=LINE('',#1414,#694);
#589=LINE('',#1416,#695);
#590=LINE('',#1421,#696);
#591=LINE('',#1425,#697);
#592=LINE('',#1429,#698);
#593=LINE('',#1432,#699);
#594=LINE('',#1435,#700);
#595=LINE('',#1436,#701);
#596=LINE('',#1438,#702);
#597=LINE('',#1441,#703);
#598=LINE('',#1442,#704);
#599=LINE('',#1444,#705);
#600=LINE('',#1446,#706);
#601=LINE('',#1448,#707);
#602=LINE('',#1457,#708);
#603=LINE('',#1458,#709);
#604=LINE('',#1460,#710);
#605=LINE('',#1461,#711);
#606=LINE('',#1463,#712);
#607=LINE('',#1464,#713);
#608=LINE('',#1466,#714);
#609=LINE('',#1467,#715);
#610=LINE('',#1468,#716);
#611=LINE('',#1470,#717);
#612=LINE('',#1473,#718);
#613=LINE('',#1475,#719);
#614=LINE('',#1477,#720);
#615=LINE('',#1480,#721);
#616=LINE('',#1482,#722);
#617=LINE('',#1484,#723);
#618=LINE('',#1486,#724);
#619=LINE('',#1488,#725);
#620=LINE('',#1491,#726);
#621=LINE('',#1492,#727);
#622=LINE('',#1495,#728);
#623=LINE('',#1497,#729);
#624=LINE('',#1504,#730);
#625=LINE('',#1506,#731);
#626=LINE('',#1518,#732);
#627=LINE('',#1520,#733);
#628=VECTOR('',#1020,1.);
#629=VECTOR('',#1021,1.);
#630=VECTOR('',#1022,1.);
#631=VECTOR('',#1023,1.);
#632=VECTOR('',#1024,1.);
#633=VECTOR('',#1025,1.);
#634=VECTOR('',#1026,1.);
#635=VECTOR('',#1027,1.);
#636=VECTOR('',#1028,1.);
#637=VECTOR('',#1029,1.);
#638=VECTOR('',#1032,1.);
#639=VECTOR('',#1035,1.);
#640=VECTOR('',#1038,1.);
#641=VECTOR('',#1041,1.);
#642=VECTOR('',#1042,1.);
#643=VECTOR('',#1043,1.);
#644=VECTOR('',#1044,1.);
#645=VECTOR('',#1045,1.);
#646=VECTOR('',#1050,1.);
#647=VECTOR('',#1051,1.);
#648=VECTOR('',#1052,1.);
#649=VECTOR('',#1053,1.);
#650=VECTOR('',#1054,1.);
#651=VECTOR('',#1055,1.);
#652=VECTOR('',#1056,1.);
#653=VECTOR('',#1057,1.);
#654=VECTOR('',#1058,1.);
#655=VECTOR('',#1059,1.);
#656=VECTOR('',#1060,1.);
#657=VECTOR('',#1061,1.);
#658=VECTOR('',#1062,1.);
#659=VECTOR('',#1065,1.);
#660=VECTOR('',#1066,1.);
#661=VECTOR('',#1067,1.);
#662=VECTOR('',#1070,1.);
#663=VECTOR('',#1071,1.);
#664=VECTOR('',#1072,1.);
#665=VECTOR('',#1073,1.);
#666=VECTOR('',#1076,1.);
#667=VECTOR('',#1077,1.);
#668=VECTOR('',#1078,1.);
#669=VECTOR('',#1079,1.);
#670=VECTOR('',#1082,1.);
#671=VECTOR('',#1083,1.);
#672=VECTOR('',#1084,1.);
#673=VECTOR('',#1087,1.);
#674=VECTOR('',#1088,1.);
#675=VECTOR('',#1089,1.);
#676=VECTOR('',#1090,1.);
#677=VECTOR('',#1091,1.);
#678=VECTOR('',#1094,1.);
#679=VECTOR('',#1095,1.);
#680=VECTOR('',#1096,1.);
#681=VECTOR('',#1097,1.);
#682=VECTOR('',#1098,1.);
#683=VECTOR('',#1099,1.);
#684=VECTOR('',#1100,1.);
#685=VECTOR('',#1101,1.);
#686=VECTOR('',#1102,1.);
#687=VECTOR('',#1103,1.);
#688=VECTOR('',#1106,1.);
#689=VECTOR('',#1109,1.);
#690=VECTOR('',#1112,1.);
#691=VECTOR('',#1115,1.);
#692=VECTOR('',#1120,1.);
#693=VECTOR('',#1121,1.);
#694=VECTOR('',#1122,1.);
#695=VECTOR('',#1125,1.);
#696=VECTOR('',#1128,1.);
#697=VECTOR('',#1131,1.);
#698=VECTOR('',#1134,1.);
#699=VECTOR('',#1137,1.);
#700=VECTOR('',#1138,1.);
#701=VECTOR('',#1139,1.);
#702=VECTOR('',#1142,1.);
#703=VECTOR('',#1143,1.);
#704=VECTOR('',#1144,1.);
#705=VECTOR('',#1147,1.);
#706=VECTOR('',#1148,1.);
#707=VECTOR('',#1149,1.);
#708=VECTOR('',#1164,1.);
#709=VECTOR('',#1165,1.);
#710=VECTOR('',#1168,1.);
#711=VECTOR('',#1169,1.);
#712=VECTOR('',#1172,1.);
#713=VECTOR('',#1173,1.);
#714=VECTOR('',#1176,1.);
#715=VECTOR('',#1177,1.);
#716=VECTOR('',#1178,1.);
#717=VECTOR('',#1179,1.);
#718=VECTOR('',#1184,1.);
#719=VECTOR('',#1185,1.);
#720=VECTOR('',#1188,1.);
#721=VECTOR('',#1193,1.);
#722=VECTOR('',#1194,1.);
#723=VECTOR('',#1195,1.);
#724=VECTOR('',#1198,1.);
#725=VECTOR('',#1201,1.);
#726=VECTOR('',#1206,1.);
#727=VECTOR('',#1207,1.);
#728=VECTOR('',#1212,1.);
#729=VECTOR('',#1215,1.);
#730=VECTOR('',#1224,1.);
#731=VECTOR('',#1227,1.);
#732=VECTOR('',#1242,1.);
#733=VECTOR('',#1245,1.);
#734=EDGE_LOOP('',(#49,#50,#51,#52,#53,#54,#55,#56,#57,#58,#59,#60,#61,#62,#63,#64,#65,#66,#67,#68,#69,#70));
#735=EDGE_LOOP('',(#71));
#736=EDGE_LOOP('',(#72,#73,#74,#75,#76,#77,#78,#79,#80,#81,#82,#83,#84,#85,#86));
#737=EDGE_LOOP('',(#87,#88,#89,#90));
#738=EDGE_LOOP('',(#91,#92,#93,#94));
#739=EDGE_LOOP('',(#95,#96,#97,#98,#99,#100));
#740=EDGE_LOOP('',(#101,#102,#103,#104));
#741=EDGE_LOOP('',(#105,#106,#107,#108,#109));
#742=EDGE_LOOP('',(#110,#111,#112,#113,#114,#115,#116,#117,#118,#119,#120,#121,#122,#123,#124,#125));
#743=EDGE_LOOP('',(#126,#127,#128,#129,#130,#131,#132,#133));
#744=EDGE_LOOP('',(#134,#135,#136,#137));
#745=EDGE_LOOP('',(#138,#139,#140,#141));
#746=EDGE_LOOP('',(#142,#143,#144,#145,#146,#147,#148,#149));
#747=EDGE_LOOP('',(#150,#151,#152,#153));
#748=EDGE_LOOP('',(#154,#155,#156,#157));
#749=EDGE_LOOP('',(#158,#159,#160,#161));
#750=EDGE_LOOP('',(#162));
#751=EDGE_LOOP('',(#163,#164,#165,#166,#167,#168,#169,#170));
#752=EDGE_LOOP('',(#171,#172,#173,#174));
#753=EDGE_LOOP('',(#175,#176,#177,#178));
#754=EDGE_LOOP('',(#179,#180,#181,#182));
#755=EDGE_LOOP('',(#183,#184,#185,#186,#187,#188,#189,#190));
#756=EDGE_LOOP('',(#191));
#757=EDGE_LOOP('',(#192));
#758=EDGE_LOOP('',(#193,#194,#195,#196));
#759=EDGE_LOOP('',(#197,#198,#199,#200));
#760=EDGE_LOOP('',(#201,#202,#203,#204));
#761=EDGE_LOOP('',(#205,#206,#207,#208));
#762=EDGE_LOOP('',(#209,#210,#211,#212));
#763=EDGE_LOOP('',(#213,#214,#215,#216));
#764=EDGE_LOOP('',(#217,#218,#219,#220));
#765=EDGE_LOOP('',(#221,#222,#223,#224));
#766=EDGE_LOOP('',(#225,#226,#227,#228));
#767=EDGE_LOOP('',(#229,#230,#231,#232));
#768=EDGE_LOOP('',(#233,#234,#235,#236,#237,#238));
#769=EDGE_LOOP('',(#239));
#770=EDGE_LOOP('',(#240,#241,#242,#243));
#771=EDGE_LOOP('',(#244));
#772=EDGE_LOOP('',(#245,#246,#247,#248));
#773=EDGE_LOOP('',(#249,#250,#251,#252,#253));
#774=EDGE_LOOP('',(#254));
#775=EDGE_LOOP('',(#255));
#776=EDGE_LOOP('',(#256));
#777=EDGE_LOOP('',(#257));
#778=EDGE_LOOP('',(#258));
#779=EDGE_LOOP('',(#259));
#780=EDGE_LOOP('',(#260,#261,#262,#263));
#781=EDGE_LOOP('',(#264,#265,#266,#267,#268));
#782=EDGE_LOOP('',(#269,#270,#271,#272));
#783=EDGE_LOOP('',(#273,#274,#275,#276));
#784=EDGE_LOOP('',(#277,#278,#279,#280));
#785=EDGE_LOOP('',(#281,#282,#283,#284));
#786=EDGE_LOOP('',(#285,#286,#287,#288));
#787=EDGE_LOOP('',(#289,#290,#291,#292));
#788=EDGE_LOOP('',(#293,#294,#295,#296));
#789=EDGE_LOOP('',(#297,#298,#299,#300));
#790=EDGE_LOOP('',(#301,#302,#303,#304));
#791=FACE_BOUND('',#734,.T.);
#792=FACE_BOUND('',#735,.T.);
#793=FACE_BOUND('',#736,.T.);
#794=FACE_BOUND('',#737,.T.);
#795=FACE_BOUND('',#738,.T.);
#796=FACE_BOUND('',#739,.T.);
#797=FACE_BOUND('',#740,.T.);
#798=FACE_BOUND('',#741,.T.);
#799=FACE_BOUND('',#742,.T.);
#800=FACE_BOUND('',#743,.T.);
#801=FACE_BOUND('',#744,.T.);
#802=FACE_BOUND('',#745,.T.);
#803=FACE_BOUND('',#746,.T.);
#804=FACE_BOUND('',#747,.T.);
#805=FACE_BOUND('',#748,.T.);
#806=FACE_BOUND('',#749,.T.);
#807=FACE_BOUND('',#750,.T.);
#808=FACE_BOUND('',#751,.T.);
#809=FACE_BOUND('',#752,.T.);
#810=FACE_BOUND('',#753,.T.);
#811=FACE_BOUND('',#754,.T.);
#812=FACE_BOUND('',#755,.T.);
#813=FACE_BOUND('',#756,.T.);
#814=FACE_BOUND('',#757,.T.);
#815=FACE_BOUND('',#758,.T.);
#816=FACE_BOUND('',#759,.T.);
#817=FACE_BOUND('',#760,.T.);
#818=FACE_BOUND('',#761,.T.);
#819=FACE_BOUND('',#762,.T.);
#820=FACE_BOUND('',#763,.T.);
#821=FACE_BOUND('',#764,.T.);
#822=FACE_BOUND('',#765,.T.);
#823=FACE_BOUND('',#766,.T.);
#824=FACE_BOUND('',#767,.T.);
#825=FACE_BOUND('',#768,.T.);
#826=FACE_BOUND('',#769,.T.);
#827=FACE_BOUND('',#770,.T.);
#828=FACE_BOUND('',#771,.T.);
#829=FACE_BOUND('',#772,.T.);
#830=FACE_BOUND('',#773,.T.);
#831=FACE_BOUND('',#12,.T.);
#832=FACE_BOUND('',#774,.T.);
#833=FACE_BOUND('',#775,.T.);
#834=FACE_BOUND('',#776,.T.);
#835=FACE_BOUND('',#13,.T.);
#836=FACE_BOUND('',#777,.T.);
#837=FACE_BOUND('',#778,.T.);
#838=FACE_BOUND('',#779,.T.);
#839=FACE_BOUND('',#780,.T.);
#840=FACE_BOUND('',#781,.T.);
#841=FACE_BOUND('',#782,.T.);
#842=FACE_BOUND('',#783,.T.);
#843=FACE_BOUND('',#784,.T.);
#844=FACE_BOUND('',#785,.T.);
#845=FACE_BOUND('',#786,.T.);
#846=FACE_BOUND('',#787,.T.);
#847=FACE_BOUND('',#788,.T.);
#848=FACE_BOUND('',#789,.T.);
#849=FACE_BOUND('',#790,.T.);
#850=PLANE('',#946);
#851=PLANE('',#951);
#852=PLANE('',#953);
#853=PLANE('',#954);
#854=PLANE('',#955);
#855=PLANE('',#956);
#856=PLANE('',#957);
#857=PLANE('',#958);
#858=PLANE('',#959);
#859=PLANE('',#964);
#860=PLANE('',#965);
#861=PLANE('',#970);
#862=PLANE('',#971);
#863=PLANE('',#972);
#864=PLANE('',#978);
#865=PLANE('',#979);
#866=PLANE('',#980);
#867=PLANE('',#981);
#868=PLANE('',#983);
#869=PLANE('',#984);
#870=PLANE('',#985);
#871=PLANE('',#986);
#872=PLANE('',#987);
#873=PLANE('',#988);
#874=PLANE('',#989);
#875=PLANE('',#990);
#876=PLANE('',#991);
#877=PLANE('',#992);
#878=PLANE('',#993);
#879=PLANE('',#994);
#880=PLANE('',#996);
#881=PLANE('',#998);
#882=PLANE('',#1005);
#883=PLANE('',#1006);
#884=PLANE('',#1007);
#885=ADVANCED_FACE('',(#791),#850,.F.);
#886=ADVANCED_FACE('',(#792,#793),#851,.F.);
#887=ADVANCED_FACE('',(#794),#852,.F.);
#888=ADVANCED_FACE('',(#795),#853,.F.);
#889=ADVANCED_FACE('',(#796),#854,.F.);
#890=ADVANCED_FACE('',(#797),#855,.T.);
#891=ADVANCED_FACE('',(#798),#856,.F.);
#892=ADVANCED_FACE('',(#799),#857,.T.);
#893=ADVANCED_FACE('',(#800,#801),#858,.F.);
#894=ADVANCED_FACE('',(#802),#859,.F.);
#895=ADVANCED_FACE('',(#803,#804),#860,.T.);
#896=ADVANCED_FACE('',(#805),#861,.T.);
#897=ADVANCED_FACE('',(#806),#862,.F.);
#898=ADVANCED_FACE('',(#807,#808),#863,.T.);
#899=ADVANCED_FACE('',(#809),#864,.T.);
#900=ADVANCED_FACE('',(#810),#865,.F.);
#901=ADVANCED_FACE('',(#811),#866,.T.);
#902=ADVANCED_FACE('',(#812),#867,.F.);
#903=ADVANCED_FACE('',(#813,#814),#16,.F.);
#904=ADVANCED_FACE('',(#815),#868,.F.);
#905=ADVANCED_FACE('',(#816),#869,.F.);
#906=ADVANCED_FACE('',(#817),#870,.T.);
#907=ADVANCED_FACE('',(#818),#871,.F.);
#908=ADVANCED_FACE('',(#819),#872,.F.);
#909=ADVANCED_FACE('',(#820),#873,.T.);
#910=ADVANCED_FACE('',(#821),#874,.T.);
#911=ADVANCED_FACE('',(#822),#875,.T.);
#912=ADVANCED_FACE('',(#823),#876,.T.);
#913=ADVANCED_FACE('',(#824),#877,.T.);
#914=ADVANCED_FACE('',(#825),#878,.T.);
#915=ADVANCED_FACE('',(#826,#827),#879,.F.);
#916=ADVANCED_FACE('',(#828,#829),#880,.F.);
#917=ADVANCED_FACE('',(#830),#881,.F.);
#918=ADVANCED_FACE('',(#831,#832),#14,.F.);
#919=ADVANCED_FACE('',(#833,#834),#17,.F.);
#920=ADVANCED_FACE('',(#835,#836),#15,.F.);
#921=ADVANCED_FACE('',(#837,#838),#18,.F.);
#922=ADVANCED_FACE('',(#839),#882,.T.);
#923=ADVANCED_FACE('',(#840),#883,.F.);
#924=ADVANCED_FACE('',(#841),#884,.F.);
#925=ADVANCED_FACE('',(#842),#19,.F.);
#926=ADVANCED_FACE('',(#843),#20,.F.);
#927=ADVANCED_FACE('',(#844),#21,.F.);
#928=ADVANCED_FACE('',(#845),#22,.F.);
#929=ADVANCED_FACE('',(#846),#23,.T.);
#930=ADVANCED_FACE('',(#847),#24,.T.);
#931=ADVANCED_FACE('',(#848),#25,.T.);
#932=ADVANCED_FACE('',(#849),#26,.T.);
#933=CLOSED_SHELL('',(#885,#886,#887,#888,#889,#890,#891,#892,#893,#894,#895,#896,#897,#898,#899,#900,#901,#902,#903,#904,#905,#906,#907,#908,#909,#910,#911,#912,#913,#914,#915,#916,#917,#918,#919,#920,#921,#922,#923,#924,#925,#926,#927,#928,#929,#930,#931,#932));
#934=STYLED_ITEM('',(#935),#942);
#935=PRESENTATION_STYLE_ASSIGNMENT((#936));
#936=SURFACE_STYLE_USAGE(.BOTH.,#937);
#937=SURFACE_SIDE_STYLE('',(#938));
#938=SURFACE_STYLE_FILL_AREA(#939);
#939=FILL_AREA_STYLE('',(#940));
#940=FILL_AREA_STYLE_COLOUR('',#941);
#941=COLOUR_RGB('',0.615686274509804,0.811764705882353,0.929411764705882);
#942=MANIFOLD_SOLID_BREP('fond',#933);
#943=SHAPE_DEFINITION_REPRESENTATION(#1536,#944);
#944=SHAPE_REPRESENTATION('fond',(#945),#1531);
#945=AXIS2_PLACEMENT_3D('',#1264,#1016,#1017);
#946=AXIS2_PLACEMENT_3D('',#1265,#1018,#1019);
#947=AXIS2_PLACEMENT_3D('',#1287,#1030,#1031);
#948=AXIS2_PLACEMENT_3D('',#1291,#1033,#1034);
#949=AXIS2_PLACEMENT_3D('',#1295,#1036,#1037);
#950=AXIS2_PLACEMENT_3D('',#1299,#1039,#1040);
#951=AXIS2_PLACEMENT_3D('',#1310,#1046,#1047);
#952=AXIS2_PLACEMENT_3D('',#1311,#1048,#1049);
#953=AXIS2_PLACEMENT_3D('',#1337,#1063,#1064);
#954=AXIS2_PLACEMENT_3D('',#1343,#1068,#1069);
#955=AXIS2_PLACEMENT_3D('',#1352,#1074,#1075);
#956=AXIS2_PLACEMENT_3D('',#1359,#1080,#1081);
#957=AXIS2_PLACEMENT_3D('',#1365,#1085,#1086);
#958=AXIS2_PLACEMENT_3D('',#1376,#1092,#1093);
#959=AXIS2_PLACEMENT_3D('',#1392,#1104,#1105);
#960=AXIS2_PLACEMENT_3D('',#1396,#1107,#1108);
#961=AXIS2_PLACEMENT_3D('',#1400,#1110,#1111);
#962=AXIS2_PLACEMENT_3D('',#1404,#1113,#1114);
#963=AXIS2_PLACEMENT_3D('',#1408,#1116,#1117);
#964=AXIS2_PLACEMENT_3D('',#1409,#1118,#1119);
#965=AXIS2_PLACEMENT_3D('',#1415,#1123,#1124);
#966=AXIS2_PLACEMENT_3D('',#1419,#1126,#1127);
#967=AXIS2_PLACEMENT_3D('',#1423,#1129,#1130);
#968=AXIS2_PLACEMENT_3D('',#1427,#1132,#1133);
#969=AXIS2_PLACEMENT_3D('',#1431,#1135,#1136);
#970=AXIS2_PLACEMENT_3D('',#1437,#1140,#1141);
#971=AXIS2_PLACEMENT_3D('',#1443,#1145,#1146);
#972=AXIS2_PLACEMENT_3D('',#1449,#1150,#1151);
#973=AXIS2_PLACEMENT_3D('',#1450,#1152,#1153);
#974=AXIS2_PLACEMENT_3D('',#1452,#1154,#1155);
#975=AXIS2_PLACEMENT_3D('',#1453,#1156,#1157);
#976=AXIS2_PLACEMENT_3D('',#1454,#1158,#1159);
#977=AXIS2_PLACEMENT_3D('',#1455,#1160,#1161);
#978=AXIS2_PLACEMENT_3D('',#1456,#1162,#1163);
#979=AXIS2_PLACEMENT_3D('',#1459,#1166,#1167);
#980=AXIS2_PLACEMENT_3D('',#1462,#1170,#1171);
#981=AXIS2_PLACEMENT_3D('',#1465,#1174,#1175);
#982=AXIS2_PLACEMENT_3D('',#1471,#1180,#1181);
#983=AXIS2_PLACEMENT_3D('',#1472,#1182,#1183);
#984=AXIS2_PLACEMENT_3D('',#1476,#1186,#1187);
#985=AXIS2_PLACEMENT_3D('',#1478,#1189,#1190);
#986=AXIS2_PLACEMENT_3D('',#1479,#1191,#1192);
#987=AXIS2_PLACEMENT_3D('',#1485,#1196,#1197);
#988=AXIS2_PLACEMENT_3D('',#1487,#1199,#1200);
#989=AXIS2_PLACEMENT_3D('',#1489,#1202,#1203);
#990=AXIS2_PLACEMENT_3D('',#1490,#1204,#1205);
#991=AXIS2_PLACEMENT_3D('',#1493,#1208,#1209);
#992=AXIS2_PLACEMENT_3D('',#1494,#1210,#1211);
#993=AXIS2_PLACEMENT_3D('',#1496,#1213,#1214);
#994=AXIS2_PLACEMENT_3D('',#1498,#1216,#1217);
#995=AXIS2_PLACEMENT_3D('',#1499,#1218,#1219);
#996=AXIS2_PLACEMENT_3D('',#1501,#1220,#1221);
#997=AXIS2_PLACEMENT_3D('',#1502,#1222,#1223);
#998=AXIS2_PLACEMENT_3D('',#1505,#1225,#1226);
#999=AXIS2_PLACEMENT_3D('',#1507,#1228,#1229);
#1000=AXIS2_PLACEMENT_3D('',#1509,#1230,#1231);
#1001=AXIS2_PLACEMENT_3D('',#1511,#1232,#1233);
#1002=AXIS2_PLACEMENT_3D('',#1512,#1234,#1235);
#1003=AXIS2_PLACEMENT_3D('',#1514,#1236,#1237);
#1004=AXIS2_PLACEMENT_3D('',#1516,#1238,#1239);
#1005=AXIS2_PLACEMENT_3D('',#1517,#1240,#1241);
#1006=AXIS2_PLACEMENT_3D('',#1519,#1243,#1244);
#1007=AXIS2_PLACEMENT_3D('',#1521,#1246,#1247);
#1008=AXIS2_PLACEMENT_3D('',#1522,#1248,#1249);
#1009=AXIS2_PLACEMENT_3D('',#1523,#1250,#1251);
#1010=AXIS2_PLACEMENT_3D('',#1524,#1252,#1253);
#1011=AXIS2_PLACEMENT_3D('',#1525,#1254,#1255);
#1012=AXIS2_PLACEMENT_3D('',#1526,#1256,#1257);
#1013=AXIS2_PLACEMENT_3D('',#1527,#1258,#1259);
#1014=AXIS2_PLACEMENT_3D('',#1528,#1260,#1261);
#1015=AXIS2_PLACEMENT_3D('',#1529,#1262,#1263);
#1016=DIRECTION('',(0.,0.,1.));
#1017=DIRECTION('',(1.,0.,0.));
#1018=DIRECTION('',(1.,0.,0.));
#1019=DIRECTION('',(0.,0.,-1.));
#1020=DIRECTION('',(0.,-1.,1.110223024625E-16));
#1021=DIRECTION('',(0.,1.110223024625E-16,1.));
#1022=DIRECTION('',(0.,-1.,0.));
#1023=DIRECTION('',(0.,1.110223024625E-16,1.));
#1024=DIRECTION('',(0.,1.,-1.110223024625E-16));
#1025=DIRECTION('',(0.,1.110223024625E-16,1.));
#1026=DIRECTION('',(0.,-1.,0.));
#1027=DIRECTION('',(0.,0.,-1.));
#1028=DIRECTION('',(0.,1.,-1.110223024625E-16));
#1029=DIRECTION('',(0.,0.,-1.));
#1030=DIRECTION('',(1.,0.,0.));
#1031=DIRECTION('',(0.,0.,-1.));
#1032=DIRECTION('',(0.,1.,1.44560289664734E-16));
#1033=DIRECTION('',(1.,0.,0.));
#1034=DIRECTION('',(0.,0.,-1.));
#1035=DIRECTION('',(0.,0.,-1.));
#1036=DIRECTION('',(1.,0.,0.));
#1037=DIRECTION('',(0.,0.,-1.));
#1038=DIRECTION('',(0.,1.,1.26490253456642E-16));
#1039=DIRECTION('',(1.,0.,0.));
#1040=DIRECTION('',(0.,0.,-1.));
#1041=DIRECTION('',(0.,0.,-1.));
#1042=DIRECTION('',(0.,-1.,0.));
#1043=DIRECTION('',(0.,0.,-1.));
#1044=DIRECTION('',(0.,1.,-1.110223024625E-16));
#1045=DIRECTION('',(0.,1.110223024625E-16,1.));
#1046=DIRECTION('',(0.,1.110223024625E-16,1.));
#1047=DIRECTION('',(1.,0.,0.));
#1048=DIRECTION('',(0.,1.110223024625E-16,1.));
#1049=DIRECTION('',(0.,-1.,1.110223024625E-16));
#1050=DIRECTION('',(-1.,0.,0.));
#1051=DIRECTION('',(1.,0.,0.));
#1052=DIRECTION('',(0.,-1.,1.110223024625E-16));
#1053=DIRECTION('',(1.,0.,0.));
#1054=DIRECTION('',(1.,0.,0.));
#1055=DIRECTION('',(0.,-1.,1.110223024625E-16));
#1056=DIRECTION('',(1.,0.,0.));
#1057=DIRECTION('',(0.650791373455969,-0.759256602365297,8.42944161544501E-17));
#1058=DIRECTION('',(0.,1.,-1.110223024625E-16));
#1059=DIRECTION('',(1.,0.,0.));
#1060=DIRECTION('',(0.,-1.,1.110223024625E-16));
#1061=DIRECTION('',(1.,0.,0.));
#1062=DIRECTION('',(0.,1.,-1.110223024625E-16));
#1063=DIRECTION('',(0.,1.,-1.110223024625E-16));
#1064=DIRECTION('',(0.,1.110223024625E-16,1.));
#1065=DIRECTION('',(1.,0.,0.));
#1066=DIRECTION('',(0.,1.110223024625E-16,1.));
#1067=DIRECTION('',(1.,0.,0.));
#1068=DIRECTION('',(0.,1.110223024625E-16,1.));
#1069=DIRECTION('',(1.,0.,0.));
#1070=DIRECTION('',(1.31418445149758E-16,1.,-1.110223024625E-16));
#1071=DIRECTION('',(-1.,0.,0.));
#1072=DIRECTION('',(0.,1.,-1.110223024625E-16));
#1073=DIRECTION('',(-1.,0.,0.));
#1074=DIRECTION('',(0.,1.,-1.110223024625E-16));
#1075=DIRECTION('',(0.,1.110223024625E-16,1.));
#1076=DIRECTION('',(1.,0.,0.));
#1077=DIRECTION('',(0.,1.110223024625E-16,1.));
#1078=DIRECTION('',(0.,1.110223024625E-16,1.));
#1079=DIRECTION('',(-1.,0.,0.));
#1080=DIRECTION('',(0.,1.,-1.110223024625E-16));
#1081=DIRECTION('',(0.,1.110223024625E-16,1.));
#1082=DIRECTION('',(0.,1.110223024625E-16,1.));
#1083=DIRECTION('',(1.,0.,0.));
#1084=DIRECTION('',(-1.,0.,0.));
#1085=DIRECTION('',(0.,0.,1.));
#1086=DIRECTION('',(1.,0.,0.));
#1087=DIRECTION('',(1.,0.,0.));
#1088=DIRECTION('',(0.,1.,0.));
#1089=DIRECTION('',(0.650791373455969,-0.759256602365297,0.));
#1090=DIRECTION('',(1.,0.,0.));
#1091=DIRECTION('',(0.,-1.,0.));
#1092=DIRECTION('',(1.,0.,0.));
#1093=DIRECTION('',(0.,0.,-1.));
#1094=DIRECTION('',(0.,1.110223024625E-16,1.));
#1095=DIRECTION('',(0.,-1.,1.110223024625E-16));
#1096=DIRECTION('',(0.,1.110223024625E-16,1.));
#1097=DIRECTION('',(0.,0.,-1.));
#1098=DIRECTION('',(0.,-1.,0.));
#1099=DIRECTION('',(0.,0.,-1.));
#1100=DIRECTION('',(0.,0.,-1.));
#1101=DIRECTION('',(0.,0.,1.));
#1102=DIRECTION('',(0.,-1.,0.));
#1103=DIRECTION('',(0.,1.,-1.110223024625E-16));
#1104=DIRECTION('',(0.,1.110223024625E-16,1.));
#1105=DIRECTION('',(1.,0.,0.));
#1106=DIRECTION('',(0.,1.,-1.110223024625E-16));
#1107=DIRECTION('',(0.,1.110223024625E-16,1.));
#1108=DIRECTION('',(0.,-1.,1.110223024625E-16));
#1109=DIRECTION('',(-1.,0.,0.));
#1110=DIRECTION('',(0.,1.110223024625E-16,1.));
#1111=DIRECTION('',(0.,-1.,1.110223024625E-16));
#1112=DIRECTION('',(0.,1.,-1.110223024625E-16));
#1113=DIRECTION('',(0.,1.110223024625E-16,1.));
#1114=DIRECTION('',(0.,-1.,1.110223024625E-16));
#1115=DIRECTION('',(-1.,0.,0.));
#1116=DIRECTION('',(0.,1.110223024625E-16,1.));
#1117=DIRECTION('',(0.,-1.,1.110223024625E-16));
#1118=DIRECTION('',(0.,1.,-1.110223024625E-16));
#1119=DIRECTION('',(0.,1.110223024625E-16,1.));
#1120=DIRECTION('',(0.,1.110223024625E-16,1.));
#1121=DIRECTION('',(-1.,0.,0.));
#1122=DIRECTION('',(0.,1.110223024625E-16,1.));
#1123=DIRECTION('',(1.,0.,0.));
#1124=DIRECTION('',(0.,0.,-1.));
#1125=DIRECTION('',(0.,0.,1.));
#1126=DIRECTION('',(1.,0.,0.));
#1127=DIRECTION('',(0.,0.,-1.));
#1128=DIRECTION('',(0.,-1.,-1.26490253456642E-16));
#1129=DIRECTION('',(1.,0.,0.));
#1130=DIRECTION('',(0.,0.,-1.));
#1131=DIRECTION('',(0.,0.,1.));
#1132=DIRECTION('',(1.,0.,0.));
#1133=DIRECTION('',(0.,0.,-1.));
#1134=DIRECTION('',(0.,-1.,-1.44560289664734E-16));
#1135=DIRECTION('',(1.,0.,0.));
#1136=DIRECTION('',(0.,0.,-1.));
#1137=DIRECTION('',(0.,1.,-1.110223024625E-16));
#1138=DIRECTION('',(0.,1.110223024625E-16,1.));
#1139=DIRECTION('',(0.,1.110223024625E-16,1.));
#1140=DIRECTION('',(0.,1.,-1.110223024625E-16));
#1141=DIRECTION('',(0.,1.110223024625E-16,1.));
#1142=DIRECTION('',(-1.,0.,0.));
#1143=DIRECTION('',(0.,1.110223024625E-16,1.));
#1144=DIRECTION('',(0.,1.110223024625E-16,1.));
#1145=DIRECTION('',(1.,0.,0.));
#1146=DIRECTION('',(0.,0.,-1.));
#1147=DIRECTION('',(0.,1.110223024625E-16,1.));
#1148=DIRECTION('',(0.,1.,-1.110223024625E-16));
#1149=DIRECTION('',(0.,1.110223024625E-16,1.));
#1150=DIRECTION('',(0.,1.110223024625E-16,1.));
#1151=DIRECTION('',(1.,0.,0.));
#1152=DIRECTION('',(0.,1.110223024625E-16,1.));
#1153=DIRECTION('',(0.,-1.,1.110223024625E-16));
#1154=DIRECTION('',(0.,1.110223024625E-16,1.));
#1155=DIRECTION('',(0.,-1.,1.110223024625E-16));
#1156=DIRECTION('',(0.,1.110223024625E-16,1.));
#1157=DIRECTION('',(0.,-1.,1.110223024625E-16));
#1158=DIRECTION('',(0.,1.110223024625E-16,1.));
#1159=DIRECTION('',(0.,-1.,1.110223024625E-16));
#1160=DIRECTION('',(0.,1.110223024625E-16,1.));
#1161=DIRECTION('',(0.,-1.,1.110223024625E-16));
#1162=DIRECTION('',(0.,1.,0.));
#1163=DIRECTION('',(0.,0.,1.));
#1164=DIRECTION('',(1.,0.,0.));
#1165=DIRECTION('',(1.,0.,0.));
#1166=DIRECTION('',(0.,-1.44560289664734E-16,1.));
#1167=DIRECTION('',(0.,-1.,-1.44560289664734E-16));
#1168=DIRECTION('',(1.,0.,0.));
#1169=DIRECTION('',(1.,0.,0.));
#1170=DIRECTION('',(0.,-1.26490253456642E-16,1.));
#1171=DIRECTION('',(0.,-1.,-1.26490253456642E-16));
#1172=DIRECTION('',(1.,0.,0.));
#1173=DIRECTION('',(1.,0.,0.));
#1174=DIRECTION('',(0.,1.,0.));
#1175=DIRECTION('',(0.,0.,1.));
#1176=DIRECTION('',(1.,0.,0.));
#1177=DIRECTION('',(1.,0.,0.));
#1178=DIRECTION('',(0.,0.,-1.));
#1179=DIRECTION('',(1.,0.,0.));
#1180=DIRECTION('',(0.,-1.110223024625E-16,-1.));
#1181=DIRECTION('',(0.,1.,-1.110223024625E-16));
#1182=DIRECTION('',(1.,0.,0.));
#1183=DIRECTION('',(0.,0.,-1.));
#1184=DIRECTION('',(0.,0.,-1.));
#1185=DIRECTION('',(0.,-1.,0.));
#1186=DIRECTION('',(0.,0.,1.));
#1187=DIRECTION('',(1.,0.,0.));
#1188=DIRECTION('',(1.,0.,0.));
#1189=DIRECTION('',(0.,1.,0.));
#1190=DIRECTION('',(0.,0.,1.));
#1191=DIRECTION('',(0.,0.,1.));
#1192=DIRECTION('',(1.,0.,0.));
#1193=DIRECTION('',(1.,0.,0.));
#1194=DIRECTION('',(0.,-1.,0.));
#1195=DIRECTION('',(1.,0.,0.));
#1196=DIRECTION('',(0.,1.,0.));
#1197=DIRECTION('',(0.,0.,1.));
#1198=DIRECTION('',(0.,0.,-1.));
#1199=DIRECTION('',(0.,1.,0.));
#1200=DIRECTION('',(0.,0.,1.));
#1201=DIRECTION('',(0.,0.,-1.));
#1202=DIRECTION('',(1.,0.,0.));
#1203=DIRECTION('',(0.,0.,-1.));
#1204=DIRECTION('',(0.,1.,0.));
#1205=DIRECTION('',(0.,0.,1.));
#1206=DIRECTION('',(0.,0.,-1.));
#1207=DIRECTION('',(0.,0.,-1.));
#1208=DIRECTION('',(0.759256602365297,0.650791373455968,0.));
#1209=DIRECTION('',(-0.650791373455969,0.759256602365297,0.));
#1210=DIRECTION('',(1.,0.,0.));
#1211=DIRECTION('',(0.,0.,-1.));
#1212=DIRECTION('',(0.,0.,-1.));
#1213=DIRECTION('',(0.,1.,0.));
#1214=DIRECTION('',(0.,0.,1.));
#1215=DIRECTION('',(1.,0.,0.));
#1216=DIRECTION('',(0.,0.,1.));
#1217=DIRECTION('',(1.,0.,0.));
#1218=DIRECTION('',(0.,0.,1.));
#1219=DIRECTION('',(1.,0.,0.));
#1220=DIRECTION('',(0.,0.,1.));
#1221=DIRECTION('',(1.,0.,0.));
#1222=DIRECTION('',(0.,0.,1.));
#1223=DIRECTION('',(1.,0.,0.));
#1224=DIRECTION('',(-1.31418445149758E-16,-1.,0.));
#1225=DIRECTION('',(1.,-1.31418445149758E-16,1.45903783665679E-32));
#1226=DIRECTION('',(1.31418445149758E-16,1.,0.));
#1227=DIRECTION('',(0.,1.110223024625E-16,1.));
#1228=DIRECTION('',(0.,0.,-1.));
#1229=DIRECTION('',(-1.,0.,0.));
#1230=DIRECTION('',(0.,0.,1.));
#1231=DIRECTION('',(1.,0.,0.));
#1232=DIRECTION('',(0.,0.,1.));
#1233=DIRECTION('',(1.,0.,0.));
#1234=DIRECTION('',(0.,0.,-1.));
#1235=DIRECTION('',(-1.,0.,0.));
#1236=DIRECTION('',(0.,0.,1.));
#1237=DIRECTION('',(1.,0.,0.));
#1238=DIRECTION('',(0.,0.,1.));
#1239=DIRECTION('',(1.,0.,0.));
#1240=DIRECTION('',(0.,1.,-1.110223024625E-16));
#1241=DIRECTION('',(0.,1.110223024625E-16,1.));
#1242=DIRECTION('',(1.,0.,0.));
#1243=DIRECTION('',(0.,1.110223024625E-16,1.));
#1244=DIRECTION('',(0.,-1.,1.110223024625E-16));
#1245=DIRECTION('',(1.,0.,0.));
#1246=DIRECTION('',(0.,1.,-1.110223024625E-16));
#1247=DIRECTION('',(0.,1.110223024625E-16,1.));
#1248=DIRECTION('',(1.,0.,0.));
#1249=DIRECTION('',(0.,0.,-1.));
#1250=DIRECTION('',(-1.,0.,0.));
#1251=DIRECTION('',(0.,0.,1.));
#1252=DIRECTION('',(1.,0.,0.));
#1253=DIRECTION('',(0.,0.,-1.));
#1254=DIRECTION('',(-1.,0.,0.));
#1255=DIRECTION('',(0.,0.,1.));
#1256=DIRECTION('',(0.,-1.110223024625E-16,-1.));
#1257=DIRECTION('',(0.,1.,-1.110223024625E-16));
#1258=DIRECTION('',(0.,1.110223024625E-16,1.));
#1259=DIRECTION('',(0.,-1.,1.110223024625E-16));
#1260=DIRECTION('',(0.,1.110223024625E-16,1.));
#1261=DIRECTION('',(0.,-1.,1.110223024625E-16));
#1262=DIRECTION('',(0.,-1.110223024625E-16,-1.));
#1263=DIRECTION('',(0.,1.,-1.110223024625E-16));
#1264=CARTESIAN_POINT('',(0.,0.,0.));
#1265=CARTESIAN_POINT('',(0.0101865,0.0345915925,-0.01405));
#1266=CARTESIAN_POINT('',(0.0101865,0.0345915925,0.00345));
#1267=CARTESIAN_POINT('',(0.0101865,0.061683185,0.00345));
#1268=CARTESIAN_POINT('',(0.0101865,0.044683185,0.00345));
#1269=CARTESIAN_POINT('',(0.0101865,0.061683185,-0.010582));
#1270=CARTESIAN_POINT('',(0.0101865,0.061683185,-0.01058));
#1271=CARTESIAN_POINT('',(0.0101865,0.0345915925,-0.01058));
#1272=CARTESIAN_POINT('',(0.0101865,0.078183185,-0.01058));
#1273=CARTESIAN_POINT('',(0.0101865,0.078183185,-0.01405));
#1274=CARTESIAN_POINT('',(0.0101865,0.078183185,-0.01405));
#1275=CARTESIAN_POINT('',(0.0101865,0.0345915925,-0.01405));
#1276=CARTESIAN_POINT('',(0.0101865,-0.009,-0.01405));
#1277=CARTESIAN_POINT('',(0.0101865,-0.009,-0.01405));
#1278=CARTESIAN_POINT('',(0.0101865,-0.009,-0.01058));
#1279=CARTESIAN_POINT('',(0.0101865,-0.00475,-0.01058));
#1280=CARTESIAN_POINT('',(0.0101865,-0.0005,-0.01058));
#1281=CARTESIAN_POINT('',(0.0101865,-0.0005,0.005952));
#1282=CARTESIAN_POINT('',(0.0101865,-0.0005,0.00595));
#1283=CARTESIAN_POINT('',(0.0101865,0.0345915925,0.00595));
#1284=CARTESIAN_POINT('',(0.0101865,0.015621185,0.00595));
#1285=CARTESIAN_POINT('',(0.0101865,0.015621185,0.005952));
#1286=CARTESIAN_POINT('',(0.0101865,0.015621185,0.00373));
#1287=CARTESIAN_POINT('',(0.0101865,0.014621185,0.00373));
#1288=CARTESIAN_POINT('',(0.0101865,0.014621185,0.00473));
#1289=CARTESIAN_POINT('',(0.0101865,0.009621185,0.00473));
#1290=CARTESIAN_POINT('',(0.0101865,0.004621185,0.00473));
#1291=CARTESIAN_POINT('',(0.0101865,0.004621185,0.00373));
#1292=CARTESIAN_POINT('',(0.0101865,0.003621185,0.00373));
#1293=CARTESIAN_POINT('',(0.0101865,0.003621185,0.00173));
#1294=CARTESIAN_POINT('',(0.0101865,0.003621185,-0.00027));
#1295=CARTESIAN_POINT('',(0.0101865,0.004621185,-0.00027));
#1296=CARTESIAN_POINT('',(0.0101865,0.004621185,-0.00127));
#1297=CARTESIAN_POINT('',(0.0101865,0.009621185,-0.00127));
#1298=CARTESIAN_POINT('',(0.0101865,0.014621185,-0.00127));
#1299=CARTESIAN_POINT('',(0.0101865,0.014621185,-0.00027));
#1300=CARTESIAN_POINT('',(0.0101865,0.015621185,-0.00027));
#1301=CARTESIAN_POINT('',(0.0101865,0.015621185,0.00173));
#1302=CARTESIAN_POINT('',(0.0101865,0.015621185,0.));
#1303=CARTESIAN_POINT('',(0.0101865,0.0172105925,0.));
#1304=CARTESIAN_POINT('',(0.0101865,0.0188,0.));
#1305=CARTESIAN_POINT('',(0.0101865,0.0188,0.005952));
#1306=CARTESIAN_POINT('',(0.0101865,0.0188,0.00595));
#1307=CARTESIAN_POINT('',(0.0101865,0.0345915925,0.00595));
#1308=CARTESIAN_POINT('',(0.0101865,0.044683185,0.00595));
#1309=CARTESIAN_POINT('',(0.0101865,0.044683185,0.003448));
#1310=CARTESIAN_POINT('',(0.000226,0.0345915925,0.00595));
#1311=CARTESIAN_POINT('',(-0.0028575,0.025996185,0.00595));
#1312=CARTESIAN_POINT('',(-0.0028575,0.019246185,0.00595));
#1313=CARTESIAN_POINT('',(0.000225999999999997,0.044683185,0.00595));
#1314=CARTESIAN_POINT('',(-0.0097345,0.044683185,0.00595));
#1315=CARTESIAN_POINT('',(0.0086865,0.0188,0.00595));
#1316=CARTESIAN_POINT('',(0.0071865,0.0188,0.00595));
#1317=CARTESIAN_POINT('',(0.0071865,0.0172105925,0.00595));
#1318=CARTESIAN_POINT('',(0.0071865,0.015621185,0.00595));
#1319=CARTESIAN_POINT('',(0.0086865,0.015621185,0.00595));
#1320=CARTESIAN_POINT('',(0.009226,-0.0005,0.00595));
#1321=CARTESIAN_POINT('',(0.0082655,-0.0005,0.00595));
#1322=CARTESIAN_POINT('',(0.0082655,0.00025,0.00595));
#1323=CARTESIAN_POINT('',(0.0082655,0.001,0.00595));
#1324=CARTESIAN_POINT('',(0.0007655,0.001,0.00595));
#1325=CARTESIAN_POINT('',(-0.0067345,0.001,0.00595));
#1326=CARTESIAN_POINT('',(-0.0082345,0.00275,0.00595));
#1327=CARTESIAN_POINT('',(-0.0097345,0.0045,0.00595));
#1328=CARTESIAN_POINT('',(-0.0097345,0.0345915925,0.00595));
#1329=CARTESIAN_POINT('',(-0.0097345,0.0148,0.00595));
#1330=CARTESIAN_POINT('',(-0.0082345,0.0148,0.00595));
#1331=CARTESIAN_POINT('',(-0.0067345,0.0148,0.00595));
#1332=CARTESIAN_POINT('',(-0.0067345,0.0168,0.00595));
#1333=CARTESIAN_POINT('',(-0.0067345,0.0188,0.00595));
#1334=CARTESIAN_POINT('',(-0.0082345,0.0188,0.00595));
#1335=CARTESIAN_POINT('',(-0.0097345,0.0188,0.00595));
#1336=CARTESIAN_POINT('',(-0.0097345,0.0345915925,0.00595));
#1337=CARTESIAN_POINT('',(0.0036865,0.061683185,-0.010582));
#1338=CARTESIAN_POINT('',(0.000226,0.061683185,0.00345));
#1339=CARTESIAN_POINT('',(-0.0028135,0.061683185,0.00345));
#1340=CARTESIAN_POINT('',(-0.0028135,0.061683185,-0.010582));
#1341=CARTESIAN_POINT('',(-0.0028135,0.061683185,-0.01058));
#1342=CARTESIAN_POINT('',(0.0036865,0.061683185,-0.01058));
#1343=CARTESIAN_POINT('',(0.000226,0.0345915925,0.00595));
#1344=CARTESIAN_POINT('',(-0.0028135,0.069933185,0.00595));
#1345=CARTESIAN_POINT('',(-0.0028135,0.061683185,0.00595));
#1346=CARTESIAN_POINT('',(-0.0028135,0.078183185,0.00595));
#1347=CARTESIAN_POINT('',(0.000226,0.061683185,0.00595));
#1348=CARTESIAN_POINT('',(-0.0097345,0.061683185,0.00595));
#1349=CARTESIAN_POINT('',(-0.0097345,0.0345915925,0.00595));
#1350=CARTESIAN_POINT('',(-0.0097345,0.078183185,0.00595));
#1351=CARTESIAN_POINT('',(0.000226,0.078183185,0.00595));
#1352=CARTESIAN_POINT('',(0.000226,0.078183185,-0.01405));
#1353=CARTESIAN_POINT('',(0.000226,0.078183185,-0.01058));
#1354=CARTESIAN_POINT('',(-0.0028135,0.078183185,-0.01058));
#1355=CARTESIAN_POINT('',(-0.0028135,0.078183185,-0.010582));
#1356=CARTESIAN_POINT('',(-0.0097345,0.078183185,-0.01405));
#1357=CARTESIAN_POINT('',(-0.0097345,0.078183185,-0.01405));
#1358=CARTESIAN_POINT('',(0.000226,0.078183185,-0.01405));
#1359=CARTESIAN_POINT('',(0.000226,-0.009,-0.01405));
#1360=CARTESIAN_POINT('',(-0.0097345,-0.009,-0.01405));
#1361=CARTESIAN_POINT('',(-0.0097345,-0.009,-0.01405));
#1362=CARTESIAN_POINT('',(-0.0097345,-0.009,-0.01058));
#1363=CARTESIAN_POINT('',(0.000226,-0.009,-0.01058));
#1364=CARTESIAN_POINT('',(0.000226,-0.009,-0.01405));
#1365=CARTESIAN_POINT('',(0.000225999999999997,0.0049,0.));
#1366=CARTESIAN_POINT('',(0.009226,-0.0005,0.));
#1367=CARTESIAN_POINT('',(-0.0097345,-0.0005,0.));
#1368=CARTESIAN_POINT('',(0.0082655,-0.0005,0.));
#1369=CARTESIAN_POINT('',(-0.0097345,0.002,0.));
#1370=CARTESIAN_POINT('',(-0.0097345,0.0045,0.));
#1371=CARTESIAN_POINT('',(-0.0082345,0.00275,0.));
#1372=CARTESIAN_POINT('',(-0.0067345,0.001,0.));
#1373=CARTESIAN_POINT('',(0.0007655,0.001,0.));
#1374=CARTESIAN_POINT('',(0.0082655,0.001,0.));
#1375=CARTESIAN_POINT('',(0.0082655,0.00025,0.));
#1376=CARTESIAN_POINT('',(-0.0097345,0.0345915925,-0.01405));
#1377=CARTESIAN_POINT('',(-0.0097345,0.061683185,0.003448));
#1378=CARTESIAN_POINT('',(-0.0097345,0.061683185,0.00345));
#1379=CARTESIAN_POINT('',(-0.0097345,0.0345915925,0.00345));
#1380=CARTESIAN_POINT('',(-0.0097345,0.044683185,0.00345));
#1381=CARTESIAN_POINT('',(-0.0097345,0.044683185,0.003448));
#1382=CARTESIAN_POINT('',(-0.0097345,0.0188,0.005952));
#1383=CARTESIAN_POINT('',(-0.0097345,0.0188,0.));
#1384=CARTESIAN_POINT('',(-0.0097345,0.0168,0.));
#1385=CARTESIAN_POINT('',(-0.0097345,0.0148,0.));
#1386=CARTESIAN_POINT('',(-0.0097345,0.0148,0.005952));
#1387=CARTESIAN_POINT('',(-0.0097345,0.0045,0.005952));
#1388=CARTESIAN_POINT('',(-0.0097345,-0.0005,-0.01058));
#1389=CARTESIAN_POINT('',(-0.0097345,-0.0005,-0.01058));
#1390=CARTESIAN_POINT('',(-0.0097345,-0.00475,-0.01058));
#1391=CARTESIAN_POINT('',(-0.0097345,0.0345915925,-0.01405));
#1392=CARTESIAN_POINT('',(0.000226,0.0345915925,-0.01405));
#1393=CARTESIAN_POINT('',(0.0121865,0.0345915925,-0.01405));
#1394=CARTESIAN_POINT('',(0.0121865,-0.0095,-0.01405));
#1395=CARTESIAN_POINT('',(0.0121865,0.078683185,-0.01405));
#1396=CARTESIAN_POINT('',(0.0106865,-0.0095,-0.01405));
#1397=CARTESIAN_POINT('',(0.0106865,-0.011,-0.01405));
#1398=CARTESIAN_POINT('',(0.000226,-0.011,-0.01405));
#1399=CARTESIAN_POINT('',(-0.0102345,-0.011,-0.01405));
#1400=CARTESIAN_POINT('',(-0.0102345,-0.0095,-0.01405));
#1401=CARTESIAN_POINT('',(-0.0117345,-0.0095,-0.01405));
#1402=CARTESIAN_POINT('',(-0.0117345,0.0345915925,-0.01405));
#1403=CARTESIAN_POINT('',(-0.0117345,0.078683185,-0.01405));
#1404=CARTESIAN_POINT('',(-0.0102345,0.078683185,-0.01405));
#1405=CARTESIAN_POINT('',(-0.0102345,0.080183185,-0.01405));
#1406=CARTESIAN_POINT('',(0.000226,0.080183185,-0.01405));
#1407=CARTESIAN_POINT('',(0.0106865,0.080183185,-0.01405));
#1408=CARTESIAN_POINT('',(0.0106865,0.078683185,-0.01405));
#1409=CARTESIAN_POINT('',(0.000226,-0.011,-0.01405));
#1410=CARTESIAN_POINT('',(0.0106865,-0.011,0.00795));
#1411=CARTESIAN_POINT('',(0.0106865,-0.011,0.00795));
#1412=CARTESIAN_POINT('',(0.000226,-0.011,0.00795));
#1413=CARTESIAN_POINT('',(-0.0102345,-0.011,0.00795));
#1414=CARTESIAN_POINT('',(-0.0102345,-0.011,-0.01405));
#1415=CARTESIAN_POINT('',(0.0121865,0.0345915925,-0.01405));
#1416=CARTESIAN_POINT('',(0.0121865,0.015621185,0.00173));
#1417=CARTESIAN_POINT('',(0.0121865,0.015621185,-0.00027));
#1418=CARTESIAN_POINT('',(0.0121865,0.015621185,0.00373));
#1419=CARTESIAN_POINT('',(0.0121865,0.014621185,-0.00027));
#1420=CARTESIAN_POINT('',(0.0121865,0.014621185,-0.00127));
#1421=CARTESIAN_POINT('',(0.0121865,0.009621185,-0.00127));
#1422=CARTESIAN_POINT('',(0.0121865,0.004621185,-0.00127));
#1423=CARTESIAN_POINT('',(0.0121865,0.004621185,-0.00027));
#1424=CARTESIAN_POINT('',(0.0121865,0.003621185,-0.00027));
#1425=CARTESIAN_POINT('',(0.0121865,0.003621185,0.00173));
#1426=CARTESIAN_POINT('',(0.0121865,0.003621185,0.00373));
#1427=CARTESIAN_POINT('',(0.0121865,0.004621185,0.00373));
#1428=CARTESIAN_POINT('',(0.0121865,0.004621185,0.00473));
#1429=CARTESIAN_POINT('',(0.0121865,0.009621185,0.00473));
#1430=CARTESIAN_POINT('',(0.0121865,0.014621185,0.00473));
#1431=CARTESIAN_POINT('',(0.0121865,0.014621185,0.00373));
#1432=CARTESIAN_POINT('',(0.0121865,0.0345915925,0.00795));
#1433=CARTESIAN_POINT('',(0.0121865,-0.0095,0.00795));
#1434=CARTESIAN_POINT('',(0.0121865,0.078683185,0.00795));
#1435=CARTESIAN_POINT('',(0.0121865,-0.0095,-0.01405));
#1436=CARTESIAN_POINT('',(0.0121865,0.078683185,-0.01405));
#1437=CARTESIAN_POINT('',(0.000226,0.080183185,-0.01405));
#1438=CARTESIAN_POINT('',(0.000226,0.080183185,0.00795));
#1439=CARTESIAN_POINT('',(0.0106865,0.080183185,0.00795));
#1440=CARTESIAN_POINT('',(-0.0102345,0.080183185,0.00795));
#1441=CARTESIAN_POINT('',(0.0106865,0.080183185,-0.01405));
#1442=CARTESIAN_POINT('',(-0.0102345,0.080183185,0.00795));
#1443=CARTESIAN_POINT('',(-0.0117345,0.0345915925,-0.01405));
#1444=CARTESIAN_POINT('',(-0.0117345,-0.0095,-0.01405));
#1445=CARTESIAN_POINT('',(-0.0117345,-0.0095,0.00795));
#1446=CARTESIAN_POINT('',(-0.0117345,0.0345915925,0.00795));
#1447=CARTESIAN_POINT('',(-0.0117345,0.078683185,0.00795));
#1448=CARTESIAN_POINT('',(-0.0117345,0.078683185,-0.01405));
#1449=CARTESIAN_POINT('',(0.000226,0.0345915925,0.00795));
#1450=CARTESIAN_POINT('',(-0.0028575,0.025996185,0.00795));
#1451=CARTESIAN_POINT('',(-0.0028575,0.019246185,0.00795));
#1452=CARTESIAN_POINT('',(0.0106865,-0.0095,0.00795));
#1453=CARTESIAN_POINT('',(0.0106865,0.078683185,0.00795));
#1454=CARTESIAN_POINT('',(-0.0102345,0.078683185,0.00795));
#1455=CARTESIAN_POINT('',(-0.0102345,-0.0095,0.00795));
#1456=CARTESIAN_POINT('',(0.0101845,0.003621185,0.00173));
#1457=CARTESIAN_POINT('',(0.0101865,0.003621185,-0.00027));
#1458=CARTESIAN_POINT('',(0.0101845,0.003621185,0.00373));
#1459=CARTESIAN_POINT('',(0.0101845,0.009621185,0.00473));
#1460=CARTESIAN_POINT('',(0.0101845,0.004621185,0.00473));
#1461=CARTESIAN_POINT('',(0.0121865,0.014621185,0.00473));
#1462=CARTESIAN_POINT('',(0.0101845,0.009621185,-0.00127));
#1463=CARTESIAN_POINT('',(0.0101845,0.014621185,-0.00127));
#1464=CARTESIAN_POINT('',(0.0121865,0.004621185,-0.00127));
#1465=CARTESIAN_POINT('',(0.0101845,0.015621185,0.00173));
#1466=CARTESIAN_POINT('',(0.0101845,0.015621185,-0.00027));
#1467=CARTESIAN_POINT('',(0.0101865,0.015621185,0.00373));
#1468=CARTESIAN_POINT('',(0.0071865,0.015621185,0.005952));
#1469=CARTESIAN_POINT('',(0.0071865,0.015621185,0.));
#1470=CARTESIAN_POINT('',(0.0086865,0.015621185,0.));
#1471=CARTESIAN_POINT('',(-0.0028575,0.025996185,0.007952));
#1472=CARTESIAN_POINT('',(0.0071865,0.0172105925,0.005952));
#1473=CARTESIAN_POINT('',(0.0071865,0.0188,0.005952));
#1474=CARTESIAN_POINT('',(0.0071865,0.0188,0.));
#1475=CARTESIAN_POINT('',(0.0071865,0.0172105925,0.));
#1476=CARTESIAN_POINT('',(0.000225999999999997,0.0049,0.));
#1477=CARTESIAN_POINT('',(0.0086865,0.0188,0.));
#1478=CARTESIAN_POINT('',(0.0086865,0.0188,0.005952));
#1479=CARTESIAN_POINT('',(0.000225999999999997,0.0049,0.));
#1480=CARTESIAN_POINT('',(-0.0082345,0.0188,0.));
#1481=CARTESIAN_POINT('',(-0.0067345,0.0188,0.));
#1482=CARTESIAN_POINT('',(-0.0067345,0.0168,0.));
#1483=CARTESIAN_POINT('',(-0.0067345,0.0148,0.));
#1484=CARTESIAN_POINT('',(-0.0082345,0.0148,0.));
#1485=CARTESIAN_POINT('',(-0.0082345,0.0148,0.005952));
#1486=CARTESIAN_POINT('',(-0.0067345,0.0148,0.005952));
#1487=CARTESIAN_POINT('',(-0.0082345,0.0188,0.005952));
#1488=CARTESIAN_POINT('',(-0.0067345,0.0188,0.005952));
#1489=CARTESIAN_POINT('',(-0.0067345,0.0168,0.005952));
#1490=CARTESIAN_POINT('',(0.0007655,0.001,0.005952));
#1491=CARTESIAN_POINT('',(-0.0067345,0.001,0.005952));
#1492=CARTESIAN_POINT('',(0.0082655,0.001,0.005952));
#1493=CARTESIAN_POINT('',(-0.0082345,0.00275,0.005952));
#1494=CARTESIAN_POINT('',(0.0082655,0.00025,0.005952));
#1495=CARTESIAN_POINT('',(0.0082655,-0.0005,0.005952));
#1496=CARTESIAN_POINT('',(0.009226,-0.0005,0.005952));
#1497=CARTESIAN_POINT('',(0.009226,-0.0005,-0.01058));
#1498=CARTESIAN_POINT('',(0.000225999999999997,0.0049,-0.01058));
#1499=CARTESIAN_POINT('',(8.04235539783283E-21,-0.0037,-0.01058));
#1500=CARTESIAN_POINT('',(0.002,-0.0037,-0.01058));
#1501=CARTESIAN_POINT('',(0.000225999999999997,0.0049,-0.01058));
#1502=CARTESIAN_POINT('',(0.0036865,0.069933185,-0.01058));
#1503=CARTESIAN_POINT('',(0.0056865,0.069933185,-0.01058));
#1504=CARTESIAN_POINT('',(-0.0028135,0.069933185,-0.01058));
#1505=CARTESIAN_POINT('',(-0.0028135,0.069933185,-0.010582));
#1506=CARTESIAN_POINT('',(-0.0028135,0.061683185,-0.010582));
#1507=CARTESIAN_POINT('',(0.0036865,0.069933185,-0.00258));
#1508=CARTESIAN_POINT('',(0.0036865,0.069933185,-0.00137827876194488));
#1509=CARTESIAN_POINT('',(0.0036865,0.069933185,-0.00258));
#1510=CARTESIAN_POINT('',(0.0056865,0.069933185,-0.00258));
#1511=CARTESIAN_POINT('',(0.0036865,0.069933185,-0.01058));
#1512=CARTESIAN_POINT('',(8.04235539783283E-21,-0.0037,-0.00258));
#1513=CARTESIAN_POINT('',(0.,-0.0037,-0.00137827876194488));
#1514=CARTESIAN_POINT('',(8.04235539783283E-21,-0.0037,-0.00258));
#1515=CARTESIAN_POINT('',(0.002,-0.0037,-0.00258));
#1516=CARTESIAN_POINT('',(8.04235539783283E-21,-0.0037,-0.01058));
#1517=CARTESIAN_POINT('',(0.000226,0.061683185,0.003448));
#1518=CARTESIAN_POINT('',(0.000226,0.061683185,0.00345));
#1519=CARTESIAN_POINT('',(5.18299999999992E-05,0.052232159,0.00345));
#1520=CARTESIAN_POINT('',(0.000225999999999997,0.044683185,0.00345));
#1521=CARTESIAN_POINT('',(0.000225999999999997,0.044683185,0.003448));
#1522=CARTESIAN_POINT('',(0.0101845,0.014621185,-0.00027));
#1523=CARTESIAN_POINT('',(0.0101845,0.004621185,-0.00027));
#1524=CARTESIAN_POINT('',(0.0101845,0.004621185,0.00373));
#1525=CARTESIAN_POINT('',(0.0101845,0.014621185,0.00373));
#1526=CARTESIAN_POINT('',(0.0106865,-0.0095,-0.01405));
#1527=CARTESIAN_POINT('',(-0.0102345,-0.0095,-0.01405));
#1528=CARTESIAN_POINT('',(0.0106865,0.078683185,-0.01405));
#1529=CARTESIAN_POINT('',(-0.0102345,0.078683185,-0.01405));
#1530=MECHANICAL_DESIGN_GEOMETRIC_PRESENTATION_REPRESENTATION('',(#934),#1531);
#1531=(
GEOMETRIC_REPRESENTATION_CONTEXT(3)
GLOBAL_UNCERTAINTY_ASSIGNED_CONTEXT((#1532))
GLOBAL_UNIT_ASSIGNED_CONTEXT((#1535,#1534,#1533))
REPRESENTATION_CONTEXT('fond','TOP_LEVEL_ASSEMBLY_PART')
);
#1532=UNCERTAINTY_MEASURE_WITH_UNIT(LENGTH_MEASURE(1.E-08),#1535,'DISTANCE_ACCURACY_VALUE','Maximum Tolerance applied to model');
#1533=(
NAMED_UNIT(*)
SI_UNIT($,.STERADIAN.)
SOLID_ANGLE_UNIT()
);
#1534=(
NAMED_UNIT(*)
PLANE_ANGLE_UNIT()
SI_UNIT($,.RADIAN.)
);
#1535=(
LENGTH_UNIT()
NAMED_UNIT(*)
SI_UNIT($,.METRE.)
);
#1536=PRODUCT_DEFINITION_SHAPE('','',#1537);
#1537=PRODUCT_DEFINITION('','',#1539,#1538);
#1538=PRODUCT_DEFINITION_CONTEXT('',#1545,'design');
#1539=PRODUCT_DEFINITION_FORMATION_WITH_SPECIFIED_SOURCE('','',#1541,.NOT_KNOWN.);
#1540=PRODUCT_RELATED_PRODUCT_CATEGORY('','',(#1541));
#1541=PRODUCT('fond','fond','fond',(#1543));
#1542=PRODUCT_CATEGORY('','');
#1543=PRODUCT_CONTEXT('',#1545,'mechanical');
#1544=APPLICATION_PROTOCOL_DEFINITION('international standard','ap242_managed_model_based_3d_engineering',2020,#1545);
#1545=APPLICATION_CONTEXT('managed model based 3d engineering');
#1546=COMPOSITE_SHAPE_ASPECT('hole_callout.FgpEj02G21LFGRh_1.JND.0',$,#1536,$);
#1547=SHAPE_ASPECT('hole_callout.FgpEj02G21LFGRh_1.JND.0',$,#1536,.T.);
#1548=GEOMETRIC_ITEM_SPECIFIC_USAGE('','',#1547,#11,#921);
#1549=SHAPE_ASPECT_RELATIONSHIP('','',#1546,#1547);
#1550=SHAPE_ASPECT('hole_callout.FgpEj02G21LFGRh_1.JND.0',$,#1536,.T.);
#1551=GEOMETRIC_ITEM_SPECIFIC_USAGE('','',#1550,#11,#920);
#1552=SHAPE_ASPECT_RELATIONSHIP('','',#1546,#1550);
#1553=SHAPE_ASPECT('hole_callout.FgpEj02G21LFGRh_1.JND.0',$,#1536,.T.);
#1554=GEOMETRIC_ITEM_SPECIFIC_USAGE('','',#1553,#11,#919);
#1555=SHAPE_ASPECT_RELATIONSHIP('','',#1546,#1553);
#1556=SHAPE_ASPECT('hole_callout.FgpEj02G21LFGRh_1.JND.0',$,#1536,.T.);
#1557=GEOMETRIC_ITEM_SPECIFIC_USAGE('','',#1556,#11,#918);
#1558=SHAPE_ASPECT_RELATIONSHIP('','',#1546,#1556);
#1559=DIMENSIONAL_SIZE(#1546,'depth');
#1560=(
LENGTH_UNIT()
NAMED_UNIT(*)
SI_UNIT(.MILLI.,.METRE.)
);
#1562=PRECISION_QUALIFIER(3);
#1561=(
LENGTH_MEASURE_WITH_UNIT()
MEASURE_REPRESENTATION_ITEM()
MEASURE_WITH_UNIT(POSITIVE_LENGTH_MEASURE(8.),#1560)
QUALIFIED_REPRESENTATION_ITEM((#1562))
REPRESENTATION_ITEM('nominal value')
);
#1563=COMPOUND_REPRESENTATION_ITEM('modifiers',SET_REPRESENTATION_ITEM((#1564)));
#1564=DESCRIPTIVE_REPRESENTATION_ITEM('dimensional note','depth');
#1565=SHAPE_DIMENSION_REPRESENTATION('',(#1561,#1563),#1531);
#1566=DIMENSIONAL_CHARACTERISTIC_REPRESENTATION(#1559,#1565);
#1567=DIMENSIONAL_SIZE(#1546,'diameter');
#1568=(
LENGTH_UNIT()
NAMED_UNIT(*)
SI_UNIT(.MILLI.,.METRE.)
);
#1570=PRECISION_QUALIFIER(3);
#1569=(
LENGTH_MEASURE_WITH_UNIT()
MEASURE_REPRESENTATION_ITEM()
MEASURE_WITH_UNIT(POSITIVE_LENGTH_MEASURE(4.),#1568)
QUALIFIED_REPRESENTATION_ITEM((#1570))
REPRESENTATION_ITEM('nominal value')
);
#1571=COMPOUND_REPRESENTATION_ITEM('modifiers',SET_REPRESENTATION_ITEM((#1572)));
#1572=DESCRIPTIVE_REPRESENTATION_ITEM('dimensional note','diameter');
#1573=SHAPE_DIMENSION_REPRESENTATION('',(#1569,#1571),#1531);
#1574=DIMENSIONAL_CHARACTERISTIC_REPRESENTATION(#1567,#1573);
#1575=PRESENTATION_STYLE_ASSIGNMENT((NULL_STYLE(.NULL.)));
#1576=CARTESIAN_POINT('',(8.04235539783283E-21,-0.0037,-0.01058));
#1577=DIRECTION('',(0.,0.,-1.));
#1578=DIRECTION('',(1.,0.,0.));
#1579=AXIS2_PLACEMENT_3D('',#1576,#1577,#1578);
#1580=PLANE('',#1579);
#1581=ANNOTATION_PLANE('',(#1575),#1580,(#1608));
#1582=CARTESIAN_POINT('',(0.,0.,0.));
#1583=DIRECTION('',(0.,0.,1.));
#1584=DIRECTION('',(1.,0.,0.));
#1585=AXIS2_PLACEMENT_3D('',#1582,#1583,#1584);
#1586=CARTESIAN_POINT('',(0.,0.,0.));
#1587=DIRECTION('',(0.,0.,1.));
#1588=DIRECTION('',(1.,0.,0.));
#1589=AXIS2_PLACEMENT_3D('',#1586,#1587,#1588);
#1590=SHAPE_REPRESENTATION('',(#1589,#942),#1531);
#1591=REPRESENTATION_MAP(#1585,#1590);
#1592=MAPPED_ITEM('',#1591,#1585);
#1593=PRESENTATION_STYLE_ASSIGNMENT((NULL_STYLE(.NULL.)));
#1594=STYLED_ITEM('',(#1593),#1592);
#1595=DRAUGHTING_MODEL('',(#1581,#1585,#1592,#1594),#1531);
#1596=DRAUGHTING_PRE_DEFINED_CURVE_FONT('continuous');
#1597=COLOUR_RGB('',0.,0.,0.);
#1598=CURVE_STYLE('',#1596,POSITIVE_LENGTH_MEASURE(0.02),#1597);
#1599=PRESENTATION_STYLE_ASSIGNMENT((#1598));
#1600=COORDINATES_LIST('coordinates',1383,((0.0014142,-0.0051142,-0.0105800),(0.0028284,-0.0079426,-0.0105800),(0.0042426,-0.0065284,-0.0105800),(0.0136302,-0.0137979,-0.0105800),(0.0137273,-0.0137573,-0.0105800),(0.0138253,-0.0137220,-0.0105800),(0.0136302,-0.0137979,-0.0105800),(0.0138253,-0.0137220,-0.0105800),(0.0139243,-0.0136922,-0.0105800),(0.0136302,-0.0137979,-0.0105800),(0.0139243,-0.0136922,-0.0105800),(0.0140242,-0.0136678,-0.0105800),(0.0136302,-0.0137979,-0.0105800),(0.0140242,-0.0136678,-0.0105800),(0.0141251,-0.0136488,-0.0105800),(0.0136302,-0.0137979,-0.0105800),(0.0141251,-0.0136488,-0.0105800),(0.0142269,-0.0136352,-0.0105800),(0.0136302,-0.0137979,-0.0105800),(0.0142269,-0.0136352,-0.0105800),(0.0143297,-0.0136271,-0.0105800),(0.0136302,-0.0137979,-0.0105800),(0.0143297,-0.0136271,-0.0105800),(0.0144335,-0.0136244,-0.0105800),(0.0136302,-0.0137979,-0.0105800),(0.0144335,-0.0136244,-0.0105800),(0.0145693,-0.0136287,-0.0105800),(0.0136302,-0.0137979,-0.0105800),(0.0145693,-0.0136287,-0.0105800),(0.0147025,-0.0136416,-0.0105800),(0.0136302,-0.0137979,-0.0105800),(0.0147025,-0.0136416,-0.0105800),(0.0148332,-0.0136632,-0.0105800),(0.0136302,-0.0137979,-0.0105800),(0.0148332,-0.0136632,-0.0105800),(0.0149614,-0.0136934,-0.0105800),(0.0136302,-0.0137979,-0.0105800),(0.0149614,-0.0136934,-0.0105800),(0.0150870,-0.0137323,-0.0105800),(0.0136302,-0.0137979,-0.0105800),(0.0150870,-0.0137323,-0.0105800),(0.0152100,-0.0137798,-0.0105800),(0.0136302,-0.0137979,-0.0105800),(0.0152100,-0.0137798,-0.0105800),(0.0153305,-0.0138359,-0.0105800),(0.0136302,-0.0137979,-0.0105800),(0.0153305,-0.0138359,-0.0105800),(0.0154485,-0.0139006,-0.0105800),(0.0136302,-0.0137979,-0.0105800),(0.0154485,-0.0139006,-0.0105800),(0.0155620,-0.0139730,-0.0105800),(0.0136302,-0.0137979,-0.0105800),(0.0155620,-0.0139730,-0.0105800),(0.0156694,-0.0140516,-0.0105800),(0.0136302,-0.0137979,-0.0105800),(0.0156694,-0.0140516,-0.0105800),(0.0157705,-0.0141362,-0.0105800),(0.0136302,-0.0137979,-0.0105800),(0.0157705,-0.0141362,-0.0105800),(0.0158654,-0.0142271,-0.0105800),(0.0136302,-0.0137979,-0.0105800),(0.0158654,-0.0142271,-0.0105800),(0.0159541,-0.0143241,-0.0105800),(0.0159541,-0.0143241,-0.0105800),(0.0160366,-0.0144273,-0.0105800),(0.0161129,-0.0145366,-0.0105800),(0.0159541,-0.0143241,-0.0105800),(0.0161129,-0.0145366,-0.0105800),(0.0161829,-0.0146520,-0.0105800),(0.0159541,-0.0143241,-0.0105800),(0.0161829,-0.0146520,-0.0105800),(0.0162459,-0.0147718,-0.0105800),(0.0159541,-0.0143241,-0.0105800),(0.0162459,-0.0147718,-0.0105800),(0.0163005,-0.0148940,-0.0105800),(0.0159541,-0.0143241,-0.0105800),(0.0163005,-0.0148940,-0.0105800),(0.0163467,-0.0150188,-0.0105800),(0.0159541,-0.0143241,-0.0105800),(0.0163467,-0.0150188,-0.0105800),(0.0163846,-0.0151460,-0.0105800),(0.0159541,-0.0143241,-0.0105800),(0.0163846,-0.0151460,-0.0105800),(0.0164140,-0.0152757,-0.0105800),(0.0159541,-0.0143241,-0.0105800),(0.0164140,-0.0152757,-0.0105800),(0.0164350,-0.0154079,-0.0105800),(0.0159541,-0.0143241,-0.0105800),(0.0164350,-0.0154079,-0.0105800),(0.0164476,-0.0155425,-0.0105800),(0.0159541,-0.0143241,-0.0105800),(0.0164476,-0.0155425,-0.0105800),(0.0164518,-0.0156797,-0.0105800),(0.0159541,-0.0143241,-0.0105800),(0.0164518,-0.0156797,-0.0105800),(0.0164476,-0.0158113,-0.0105800),(0.0159541,-0.0143241,-0.0105800),(0.0164476,-0.0158113,-0.0105800),(0.0164350,-0.0159421,-0.0105800),(0.0159541,-0.0143241,-0.0105800),(0.0164350,-0.0159421,-0.0105800),(0.0164140,-0.0160722,-0.0105800),(0.0159541,-0.0143241,-0.0105800),(0.0164140,-0.0160722,-0.0105800),(0.0163846,-0.0162014,-0.0105800),(0.0159541,-0.0143241,-0.0105800),(0.0163846,-0.0162014,-0.0105800),(0.0163467,-0.0163299,-0.0105800),(0.0159541,-0.0143241,-0.0105800),(0.0163467,-0.0163299,-0.0105800),(0.0163005,-0.0164575,-0.0105800),(0.0163005,-0.0164575,-0.0105800),(0.0159088,-0.0163161,-0.0105800),(0.0159453,-0.0162182,-0.0105800),(0.0163005,-0.0164575,-0.0105800),(0.0159453,-0.0162182,-0.0105800),(0.0159752,-0.0161170,-0.0105800),(0.0163005,-0.0164575,-0.0105800),(0.0159752,-0.0161170,-0.0105800),(0.0159985,-0.0160126,-0.0105800),(0.0163005,-0.0164575,-0.0105800),(0.0159985,-0.0160126,-0.0105800),(0.0160151,-0.0159049,-0.0105800),(0.0163005,-0.0164575,-0.0105800),(0.0160151,-0.0159049,-0.0105800),(0.0160251,-0.0157939,-0.0105800),(0.0163005,-0.0164575,-0.0105800),(0.0160251,-0.0157939,-0.0105800),(0.0160284,-0.0156797,-0.0105800),(0.0163005,-0.0164575,-0.0105800),(0.0160284,-0.0156797,-0.0105800),(0.0160251,-0.0155696,-0.0105800),(0.0159541,-0.0143241,-0.0105800),(0.0163005,-0.0164575,-0.0105800),(0.0160251,-0.0155696,-0.0105800),(0.0159541,-0.0143241,-0.0105800),(0.0160251,-0.0155696,-0.0105800),(0.0160150,-0.0154618,-0.0105800),(0.0159541,-0.0143241,-0.0105800),(0.0160150,-0.0154618,-0.0105800),(0.0159982,-0.0153561,-0.0105800),(0.0159541,-0.0143241,-0.0105800),(0.0159982,-0.0153561,-0.0105800),(0.0159747,-0.0152526,-0.0105800),(0.0159541,-0.0143241,-0.0105800),(0.0159747,-0.0152526,-0.0105800),(0.0159445,-0.0151513,-0.0105800),(0.0159541,-0.0143241,-0.0105800),(0.0159445,-0.0151513,-0.0105800),(0.0159076,-0.0150522,-0.0105800),(0.0159541,-0.0143241,-0.0105800),(0.0159076,-0.0150522,-0.0105800),(0.0158639,-0.0149553,-0.0105800),(0.0159541,-0.0143241,-0.0105800),(0.0158639,-0.0149553,-0.0105800),(0.0158136,-0.0148605,-0.0105800),(0.0159541,-0.0143241,-0.0105800),(0.0158136,-0.0148605,-0.0105800),(0.0157577,-0.0147693,-0.0105800),(0.0159541,-0.0143241,-0.0105800),(0.0157577,-0.0147693,-0.0105800),(0.0156971,-0.0146830,-0.0105800),(0.0159541,-0.0143241,-0.0105800),(0.0156971,-0.0146830,-0.0105800),(0.0156317,-0.0146016,-0.0105800),(0.0159541,-0.0143241,-0.0105800),(0.0156317,-0.0146016,-0.0105800),(0.0155614,-0.0145250,-0.0105800),(0.0159541,-0.0143241,-0.0105800),(0.0155614,-0.0145250,-0.0105800),(0.0154864,-0.0144534,-0.0105800),(0.0159541,-0.0143241,-0.0105800),(0.0154864,-0.0144534,-0.0105800),(0.0154066,-0.0143866,-0.0105800),(0.0159541,-0.0143241,-0.0105800),(0.0154066,-0.0143866,-0.0105800),(0.0153220,-0.0143248,-0.0105800),(0.0159541,-0.0143241,-0.0105800),(0.0153220,-0.0143248,-0.0105800),(0.0152326,-0.0142678,-0.0105800),(0.0159541,-0.0143241,-0.0105800),(0.0152326,-0.0142678,-0.0105800),(0.0151400,-0.0142167,-0.0105800),(0.0159541,-0.0143241,-0.0105800),(0.0151400,-0.0142167,-0.0105800),(0.0150453,-0.0141725,-0.0105800),(0.0159541,-0.0143241,-0.0105800),(0.0150453,-0.0141725,-0.0105800),(0.0149485,-0.0141350,-0.0105800),(0.0159541,-0.0143241,-0.0105800),(0.0149485,-0.0141350,-0.0105800),(0.0148497,-0.0141043,-0.0105800),(0.0136302,-0.0137979,-0.0105800),(0.0159541,-0.0143241,-0.0105800),(0.0148497,-0.0141043,-0.0105800),(0.0136302,-0.0137979,-0.0105800),(0.0148497,-0.0141043,-0.0105800),(0.0147488,-0.0140805,-0.0105800),(0.0136302,-0.0137979,-0.0105800),(0.0147488,-0.0140805,-0.0105800),(0.0146458,-0.0140635,-0.0105800),(0.0136302,-0.0137979,-0.0105800),(0.0146458,-0.0140635,-0.0105800),(0.0145407,-0.0140532,-0.0105800),(0.0136302,-0.0137979,-0.0105800),(0.0145407,-0.0140532,-0.0105800),(0.0144335,-0.0140498,-0.0105800),(0.0136302,-0.0137979,-0.0105800),(0.0144335,-0.0140498,-0.0105800),(0.0142799,-0.0140569,-0.0105800),(0.0136302,-0.0137979,-0.0105800),(0.0142799,-0.0140569,-0.0105800),(0.0141303,-0.0140781,-0.0105800),(0.0136302,-0.0137979,-0.0105800),(0.0141303,-0.0140781,-0.0105800),(0.0139846,-0.0141135,-0.0105800),(0.0136302,-0.0137979,-0.0105800),(0.0139846,-0.0141135,-0.0105800),(0.0138430,-0.0141631,-0.0105800),(0.0136302,-0.0137979,-0.0105800),(0.0138430,-0.0141631,-0.0105800),(0.0154400,-0.0169465,-0.0105800),(0.0130693,-0.0128232,-0.0105800),(0.0136302,-0.0137979,-0.0105800),(0.0154400,-0.0169465,-0.0105800),(0.0158656,-0.0164107,-0.0105800),(0.0159088,-0.0163161,-0.0105800),(0.0163005,-0.0164575,-0.0105800),(0.0158157,-0.0165020,-0.0105800),(0.0158656,-0.0164107,-0.0105800),(0.0163005,-0.0164575,-0.0105800),(0.0157478,-0.0166060,-0.0105800),(0.0158157,-0.0165020,-0.0105800),(0.0163005,-0.0164575,-0.0105800),(0.0156625,-0.0167147,-0.0105800),(0.0157478,-0.0166060,-0.0105800),(0.0163005,-0.0164575,-0.0105800),(0.0156134,-0.0167709,-0.0105800),(0.0156625,-0.0167147,-0.0105800),(0.0163005,-0.0164575,-0.0105800),(0.0155599,-0.0168282,-0.0105800),(0.0156134,-0.0167709,-0.0105800),(0.0163005,-0.0164575,-0.0105800),(0.0155021,-0.0168868,-0.0105800),(0.0155599,-0.0168282,-0.0105800),(0.0163005,-0.0164575,-0.0105800),(0.0154400,-0.0169465,-0.0105800),(0.0155021,-0.0168868,-0.0105800),(0.0163005,-0.0164575,-0.0105800),(0.0154400,-0.0169465,-0.0105800),(0.0163005,-0.0164575,-0.0105800),(0.0162459,-0.0165844,-0.0105800),(0.0154400,-0.0169465,-0.0105800),(0.0162459,-0.0165844,-0.0105800),(0.0161829,-0.0167105,-0.0105800),(0.0154400,-0.0169465,-0.0105800),(0.0161829,-0.0167105,-0.0105800),(0.0161328,-0.0167972,-0.0105800),(0.0154400,-0.0169465,-0.0105800),(0.0161328,-0.0167972,-0.0105800),(0.0160780,-0.0168806,-0.0105800),(0.0154400,-0.0169465,-0.0105800),(0.0160780,-0.0168806,-0.0105800),(0.0160186,-0.0169607,-0.0105800),(0.0154400,-0.0169465,-0.0105800),(0.0160186,-0.0169607,-0.0105800),(0.0159546,-0.0170375,-0.0105800),(0.0154400,-0.0169465,-0.0105800),(0.0159546,-0.0170375,-0.0105800),(0.0158860,-0.0171110,-0.0105800),(0.0154400,-0.0169465,-0.0105800),(0.0158860,-0.0171110,-0.0105800),(0.0158129,-0.0171812,-0.0105800),(0.0154400,-0.0169465,-0.0105800),(0.0158129,-0.0171812,-0.0105800),(0.0157351,-0.0172480,-0.0105800),(0.0154400,-0.0169465,-0.0105800),(0.0157351,-0.0172480,-0.0105800),(0.0156527,-0.0173116,-0.0105800),(0.0154400,-0.0169465,-0.0105800),(0.0156527,-0.0173116,-0.0105800),(0.0161946,-0.0182641,-0.0105800),(0.0130693,-0.0128232,-0.0105800),(0.0154400,-0.0169465,-0.0105800),(0.0161946,-0.0182641,-0.0105800),(0.0130693,-0.0128232,-0.0105800),(0.0161946,-0.0182641,-0.0105800),(0.0162232,-0.0183678,-0.0105800),(0.0130693,-0.0128232,-0.0105800),(0.0162232,-0.0183678,-0.0105800),(0.0162157,-0.0184282,-0.0105800),(0.0130693,-0.0128232,-0.0105800),(0.0162157,-0.0184282,-0.0105800),(0.0161771,-0.0185033,-0.0105800),(0.0130693,-0.0128232,-0.0105800),(0.0161771,-0.0185033,-0.0105800),(0.0161120,-0.0185573,-0.0105800),(0.0130693,-0.0128232,-0.0105800),(0.0161120,-0.0185573,-0.0105800),(0.0160094,-0.0185880,-0.0105800),(0.0130693,-0.0128232,-0.0105800),(0.0160094,-0.0185880,-0.0105800),(0.0159490,-0.0185806,-0.0105800),(0.0130693,-0.0128232,-0.0105800),(0.0159490,-0.0185806,-0.0105800),(0.0158734,-0.0185419,-0.0105800),(0.0130693,-0.0128232,-0.0105800),(0.0158734,-0.0185419,-0.0105800),(0.0158178,-0.0184768,-0.0105800),(0.0130693,-0.0128232,-0.0105800),(0.0158178,-0.0184768,-0.0105800),(0.0152823,-0.0175487,-0.0105800),(0.0152823,-0.0175487,-0.0105800),(0.0151817,-0.0175931,-0.0105800),(0.0150778,-0.0176316,-0.0105800),(0.0152823,-0.0175487,-0.0105800),(0.0150778,-0.0176316,-0.0105800),(0.0149706,-0.0176641,-0.0105800),(0.0152823,-0.0175487,-0.0105800),(0.0149706,-0.0176641,-0.0105800),(0.0148600,-0.0176908,-0.0105800),(0.0152823,-0.0175487,-0.0105800),(0.0148600,-0.0176908,-0.0105800),(0.0147462,-0.0177115,-0.0105800),(0.0152823,-0.0175487,-0.0105800),(0.0147462,-0.0177115,-0.0105800),(0.0146290,-0.0177263,-0.0105800),(0.0152823,-0.0175487,-0.0105800),(0.0146290,-0.0177263,-0.0105800),(0.0145086,-0.0177352,-0.0105800),(0.0152823,-0.0175487,-0.0105800),(0.0145086,-0.0177352,-0.0105800),(0.0143848,-0.0177381,-0.0105800),(0.0152823,-0.0175487,-0.0105800),(0.0143848,-0.0177381,-0.0105800),(0.0142602,-0.0177338,-0.0105800),(0.0152823,-0.0175487,-0.0105800),(0.0142602,-0.0177338,-0.0105800),(0.0141367,-0.0177208,-0.0105800),(0.0152823,-0.0175487,-0.0105800),(0.0141367,-0.0177208,-0.0105800),(0.0140143,-0.0176991,-0.0105800),(0.0152823,-0.0175487,-0.0105800),(0.0140143,-0.0176991,-0.0105800),(0.0138930,-0.0176688,-0.0105800),(0.0152823,-0.0175487,-0.0105800),(0.0138930,-0.0176688,-0.0105800),(0.0137727,-0.0176298,-0.0105800),(0.0152823,-0.0175487,-0.0105800),(0.0137727,-0.0176298,-0.0105800),(0.0136536,-0.0175822,-0.0105800),(0.0152823,-0.0175487,-0.0105800),(0.0136536,-0.0175822,-0.0105800),(0.0135355,-0.0175258,-0.0105800),(0.0152823,-0.0175487,-0.0105800),(0.0135355,-0.0175258,-0.0105800),(0.0134186,-0.0174608,-0.0105800),(0.0152823,-0.0175487,-0.0105800),(0.0134186,-0.0174608,-0.0105800),(0.0133055,-0.0173887,-0.0105800),(0.0152823,-0.0175487,-0.0105800),(0.0133055,-0.0173887,-0.0105800),(0.0131984,-0.0173103,-0.0105800),(0.0152823,-0.0175487,-0.0105800),(0.0131984,-0.0173103,-0.0105800),(0.0130975,-0.0172257,-0.0105800),(0.0152823,-0.0175487,-0.0105800),(0.0130975,-0.0172257,-0.0105800),(0.0130026,-0.0171349,-0.0105800),(0.0152823,-0.0175487,-0.0105800),(0.0130026,-0.0171349,-0.0105800),(0.0129139,-0.0170378,-0.0105800),(0.0129139,-0.0170378,-0.0105800),(0.0128312,-0.0169346,-0.0105800),(0.0127546,-0.0168251,-0.0105800),(0.0129139,-0.0170378,-0.0105800),(0.0127546,-0.0168251,-0.0105800),(0.0126841,-0.0167094,-0.0105800),(0.0129139,-0.0170378,-0.0105800),(0.0126841,-0.0167094,-0.0105800),(0.0126208,-0.0165896,-0.0105800),(0.0129139,-0.0170378,-0.0105800),(0.0126208,-0.0165896,-0.0105800),(0.0125660,-0.0164673,-0.0105800),(0.0129139,-0.0170378,-0.0105800),(0.0125660,-0.0164673,-0.0105800),(0.0125196,-0.0163424,-0.0105800),(0.0129139,-0.0170378,-0.0105800),(0.0125196,-0.0163424,-0.0105800),(0.0124817,-0.0162149,-0.0105800),(0.0129139,-0.0170378,-0.0105800),(0.0124817,-0.0162149,-0.0105800),(0.0124522,-0.0160849,-0.0105800),(0.0129139,-0.0170378,-0.0105800),(0.0124522,-0.0160849,-0.0105800),(0.0124311,-0.0159524,-0.0105800),(0.0129139,-0.0170378,-0.0105800),(0.0124311,-0.0159524,-0.0105800),(0.0124184,-0.0158173,-0.0105800),(0.0129139,-0.0170378,-0.0105800),(0.0124184,-0.0158173,-0.0105800),(0.0124142,-0.0156797,-0.0105800),(0.0129139,-0.0170378,-0.0105800),(0.0124142,-0.0156797,-0.0105800),(0.0124184,-0.0155416,-0.0105800),(0.0129139,-0.0170378,-0.0105800),(0.0124184,-0.0155416,-0.0105800),(0.0124310,-0.0154063,-0.0105800),(0.0129139,-0.0170378,-0.0105800),(0.0124310,-0.0154063,-0.0105800),(0.0124520,-0.0152737,-0.0105800),(0.0129139,-0.0170378,-0.0105800),(0.0124520,-0.0152737,-0.0105800),(0.0124814,-0.0151439,-0.0105800),(0.0129139,-0.0170378,-0.0105800),(0.0124814,-0.0151439,-0.0105800),(0.0125192,-0.0150168,-0.0105800),(0.0129139,-0.0170378,-0.0105800),(0.0125192,-0.0150168,-0.0105800),(0.0125654,-0.0148925,-0.0105800),(0.0129139,-0.0170378,-0.0105800),(0.0125654,-0.0148925,-0.0105800),(0.0126200,-0.0147709,-0.0105800),(0.0129139,-0.0170378,-0.0105800),(0.0126200,-0.0147709,-0.0105800),(0.0126830,-0.0146520,-0.0105800),(0.0126830,-0.0146520,-0.0105800),(0.0130513,-0.0148605,-0.0105800),(0.0130020,-0.0149553,-0.0105800),(0.0126830,-0.0146520,-0.0105800),(0.0130020,-0.0149553,-0.0105800),(0.0129592,-0.0150521,-0.0105800),(0.0126830,-0.0146520,-0.0105800),(0.0129592,-0.0150521,-0.0105800),(0.0129230,-0.0151512,-0.0105800),(0.0126830,-0.0146520,-0.0105800),(0.0129230,-0.0151512,-0.0105800),(0.0128934,-0.0152524,-0.0105800),(0.0126830,-0.0146520,-0.0105800),(0.0128934,-0.0152524,-0.0105800),(0.0128703,-0.0153557,-0.0105800),(0.0126830,-0.0146520,-0.0105800),(0.0128703,-0.0153557,-0.0105800),(0.0128539,-0.0154612,-0.0105800),(0.0126830,-0.0146520,-0.0105800),(0.0128539,-0.0154612,-0.0105800),(0.0128440,-0.0155688,-0.0105800),(0.0126830,-0.0146520,-0.0105800),(0.0128440,-0.0155688,-0.0105800),(0.0128407,-0.0156786,-0.0105800),(0.0126830,-0.0146520,-0.0105800),(0.0128407,-0.0156786,-0.0105800),(0.0128441,-0.0157884,-0.0105800),(0.0129139,-0.0170378,-0.0105800),(0.0126830,-0.0146520,-0.0105800),(0.0128441,-0.0157884,-0.0105800),(0.0129139,-0.0170378,-0.0105800),(0.0128441,-0.0157884,-0.0105800),(0.0128541,-0.0158962,-0.0105800),(0.0129139,-0.0170378,-0.0105800),(0.0128541,-0.0158962,-0.0105800),(0.0128708,-0.0160018,-0.0105800),(0.0129139,-0.0170378,-0.0105800),(0.0128708,-0.0160018,-0.0105800),(0.0128942,-0.0161054,-0.0105800),(0.0129139,-0.0170378,-0.0105800),(0.0128942,-0.0161054,-0.0105800),(0.0129242,-0.0162069,-0.0105800),(0.0129139,-0.0170378,-0.0105800),(0.0129242,-0.0162069,-0.0105800),(0.0129610,-0.0163063,-0.0105800),(0.0129139,-0.0170378,-0.0105800),(0.0129610,-0.0163063,-0.0105800),(0.0130044,-0.0164036,-0.0105800),(0.0129139,-0.0170378,-0.0105800),(0.0130044,-0.0164036,-0.0105800),(0.0130545,-0.0164988,-0.0105800),(0.0129139,-0.0170378,-0.0105800),(0.0130545,-0.0164988,-0.0105800),(0.0131103,-0.0165908,-0.0105800),(0.0129139,-0.0170378,-0.0105800),(0.0131103,-0.0165908,-0.0105800),(0.0131710,-0.0166777,-0.0105800),(0.0129139,-0.0170378,-0.0105800),(0.0131710,-0.0166777,-0.0105800),(0.0132364,-0.0167596,-0.0105800),(0.0129139,-0.0170378,-0.0105800),(0.0132364,-0.0167596,-0.0105800),(0.0133067,-0.0168364,-0.0105800),(0.0129139,-0.0170378,-0.0105800),(0.0133067,-0.0168364,-0.0105800),(0.0133817,-0.0169083,-0.0105800),(0.0129139,-0.0170378,-0.0105800),(0.0133817,-0.0169083,-0.0105800),(0.0134615,-0.0169751,-0.0105800),(0.0129139,-0.0170378,-0.0105800),(0.0134615,-0.0169751,-0.0105800),(0.0135461,-0.0170368,-0.0105800),(0.0129139,-0.0170378,-0.0105800),(0.0135461,-0.0170368,-0.0105800),(0.0136355,-0.0170936,-0.0105800),(0.0129139,-0.0170378,-0.0105800),(0.0136355,-0.0170936,-0.0105800),(0.0137276,-0.0171447,-0.0105800),(0.0129139,-0.0170378,-0.0105800),(0.0137276,-0.0171447,-0.0105800),(0.0138202,-0.0171890,-0.0105800),(0.0129139,-0.0170378,-0.0105800),(0.0138202,-0.0171890,-0.0105800),(0.0139133,-0.0172265,-0.0105800),(0.0129139,-0.0170378,-0.0105800),(0.0139133,-0.0172265,-0.0105800),(0.0140070,-0.0172571,-0.0105800),(0.0129139,-0.0170378,-0.0105800),(0.0140070,-0.0172571,-0.0105800),(0.0141012,-0.0172810,-0.0105800),(0.0152823,-0.0175487,-0.0105800),(0.0129139,-0.0170378,-0.0105800),(0.0141012,-0.0172810,-0.0105800),(0.0152823,-0.0175487,-0.0105800),(0.0141012,-0.0172810,-0.0105800),(0.0141959,-0.0172980,-0.0105800),(0.0152823,-0.0175487,-0.0105800),(0.0141959,-0.0172980,-0.0105800),(0.0142912,-0.0173082,-0.0105800),(0.0152823,-0.0175487,-0.0105800),(0.0142912,-0.0173082,-0.0105800),(0.0143869,-0.0173116,-0.0105800),(0.0152823,-0.0175487,-0.0105800),(0.0143869,-0.0173116,-0.0105800),(0.0143933,-0.0173116,-0.0105800),(0.0152823,-0.0175487,-0.0105800),(0.0143933,-0.0173116,-0.0105800),(0.0144870,-0.0173095,-0.0105800),(0.0152823,-0.0175487,-0.0105800),(0.0144870,-0.0173095,-0.0105800),(0.0145782,-0.0173033,-0.0105800),(0.0152823,-0.0175487,-0.0105800),(0.0145782,-0.0173033,-0.0105800),(0.0146668,-0.0172929,-0.0105800),(0.0152823,-0.0175487,-0.0105800),(0.0146668,-0.0172929,-0.0105800),(0.0147529,-0.0172783,-0.0105800),(0.0152823,-0.0175487,-0.0105800),(0.0147529,-0.0172783,-0.0105800),(0.0148364,-0.0172595,-0.0105800),(0.0152823,-0.0175487,-0.0105800),(0.0148364,-0.0172595,-0.0105800),(0.0149174,-0.0172366,-0.0105800),(0.0152823,-0.0175487,-0.0105800),(0.0149174,-0.0172366,-0.0105800),(0.0149958,-0.0172095,-0.0105800),(0.0152823,-0.0175487,-0.0105800),(0.0149958,-0.0172095,-0.0105800),(0.0150717,-0.0171783,-0.0105800),(0.0130693,-0.0128232,-0.0105800),(0.0152823,-0.0175487,-0.0105800),(0.0150717,-0.0171783,-0.0105800),(0.0130693,-0.0128232,-0.0105800),(0.0150717,-0.0171783,-0.0105800),(0.0134673,-0.0143832,-0.0105800),(0.0130693,-0.0128232,-0.0105800),(0.0134673,-0.0143832,-0.0105800),(0.0133468,-0.0144861,-0.0105800),(0.0130937,-0.0147912,-0.0105800),(0.0130513,-0.0148605,-0.0105800),(0.0126830,-0.0146520,-0.0105800),(0.0131388,-0.0147247,-0.0105800),(0.0130937,-0.0147912,-0.0105800),(0.0126830,-0.0146520,-0.0105800),(0.0132373,-0.0145999,-0.0105800),(0.0131388,-0.0147247,-0.0105800),(0.0126830,-0.0146520,-0.0105800),(0.0133468,-0.0144861,-0.0105800),(0.0132373,-0.0145999,-0.0105800),(0.0126830,-0.0146520,-0.0105800),(0.0133468,-0.0144861,-0.0105800),(0.0126830,-0.0146520,-0.0105800),(0.0127410,-0.0145570,-0.0105800),(0.0133468,-0.0144861,-0.0105800),(0.0127410,-0.0145570,-0.0105800),(0.0128026,-0.0144660,-0.0105800),(0.0133468,-0.0144861,-0.0105800),(0.0128026,-0.0144660,-0.0105800),(0.0128680,-0.0143792,-0.0105800),(0.0133468,-0.0144861,-0.0105800),(0.0128680,-0.0143792,-0.0105800),(0.0129370,-0.0142964,-0.0105800),(0.0133468,-0.0144861,-0.0105800),(0.0129370,-0.0142964,-0.0105800),(0.0130098,-0.0142178,-0.0105800),(0.0133468,-0.0144861,-0.0105800),(0.0130098,-0.0142178,-0.0105800),(0.0130863,-0.0141432,-0.0105800),(0.0133468,-0.0144861,-0.0105800),(0.0130863,-0.0141432,-0.0105800),(0.0131664,-0.0140728,-0.0105800),(0.0133468,-0.0144861,-0.0105800),(0.0131664,-0.0140728,-0.0105800),(0.0132503,-0.0140064,-0.0105800),(0.0130693,-0.0128232,-0.0105800),(0.0133468,-0.0144861,-0.0105800),(0.0132503,-0.0140064,-0.0105800),(0.0130693,-0.0128232,-0.0105800),(0.0132503,-0.0140064,-0.0105800),(0.0126947,-0.0130359,-0.0105800),(0.0130693,-0.0128232,-0.0105800),(0.0126947,-0.0130359,-0.0105800),(0.0126672,-0.0129343,-0.0105800),(0.0130693,-0.0128232,-0.0105800),(0.0126672,-0.0129343,-0.0105800),(0.0126735,-0.0128740,-0.0105800),(0.0130693,-0.0128232,-0.0105800),(0.0126735,-0.0128740,-0.0105800),(0.0127127,-0.0127970,-0.0105800),(0.0130693,-0.0128232,-0.0105800),(0.0127127,-0.0127970,-0.0105800),(0.0127751,-0.0127417,-0.0105800),(0.0130693,-0.0128232,-0.0105800),(0.0127751,-0.0127417,-0.0105800),(0.0128799,-0.0127142,-0.0105800),(0.0130693,-0.0128232,-0.0105800),(0.0128799,-0.0127142,-0.0105800),(0.0129402,-0.0127216,-0.0105800),(0.0130693,-0.0128232,-0.0105800),(0.0129402,-0.0127216,-0.0105800),(0.0130127,-0.0127571,-0.0105800),(0.0186213,-0.0153463,-0.0105800),(0.0182160,-0.0153463,-0.0105800),(0.0175260,-0.0153325,-0.0105800),(0.0188637,-0.0153463,-0.0105800),(0.0186213,-0.0153463,-0.0105800),(0.0175260,-0.0153325,-0.0105800),(0.0182160,-0.0166819,-0.0105800),(0.0182160,-0.0153463,-0.0105800),(0.0186213,-0.0153463,-0.0105800),(0.0182160,-0.0166819,-0.0105800),(0.0186213,-0.0153463,-0.0105800),(0.0186213,-0.0175339,-0.0105800),(0.0175260,-0.0153325,-0.0105800),(0.0182160,-0.0166819,-0.0105800),(0.0186213,-0.0175339,-0.0105800),(0.0175260,-0.0153325,-0.0105800),(0.0186213,-0.0175339,-0.0105800),(0.0186115,-0.0176087,-0.0105800),(0.0175260,-0.0153325,-0.0105800),(0.0186115,-0.0176087,-0.0105800),(0.0185822,-0.0176662,-0.0105800),(0.0175260,-0.0153325,-0.0105800),(0.0185822,-0.0176662,-0.0105800),(0.0184732,-0.0177402,-0.0105800),(0.0175260,-0.0153325,-0.0105800),(0.0184732,-0.0177402,-0.0105800),(0.0184128,-0.0177476,-0.0105800),(0.0175260,-0.0153325,-0.0105800),(0.0184128,-0.0177476,-0.0105800),(0.0183366,-0.0177381,-0.0105800),(0.0175260,-0.0153325,-0.0105800),(0.0183366,-0.0177381,-0.0105800),(0.0182298,-0.0176545,-0.0105800),(0.0175260,-0.0153325,-0.0105800),(0.0182298,-0.0176545,-0.0105800),(0.0169523,-0.0152352,-0.0105800),(0.0188637,-0.0153463,-0.0105800),(0.0175260,-0.0153325,-0.0105800),(0.0169523,-0.0152352,-0.0105800),(0.0188637,-0.0153463,-0.0105800),(0.0169523,-0.0152352,-0.0105800),(0.0169174,-0.0151082,-0.0105800),(0.0188637,-0.0153463,-0.0105800),(0.0169174,-0.0151082,-0.0105800),(0.0169428,-0.0150203,-0.0105800),(0.0188637,-0.0153463,-0.0105800),(0.0169428,-0.0150203,-0.0105800),(0.0170198,-0.0149457,-0.0105800),(0.0188637,-0.0153463,-0.0105800),(0.0170198,-0.0149457,-0.0105800),(0.0171301,-0.0149208,-0.0105800),(0.0188637,-0.0153463,-0.0105800),(0.0171301,-0.0149208,-0.0105800),(0.0181948,-0.0149208,-0.0105800),(0.0181948,-0.0149208,-0.0105800),(0.0181948,-0.0139091,-0.0105800),(0.0182104,-0.0138257,-0.0105800),(0.0181948,-0.0149208,-0.0105800),(0.0182104,-0.0138257,-0.0105800),(0.0182573,-0.0137577,-0.0105800),(0.0181948,-0.0149208,-0.0105800),(0.0182573,-0.0137577,-0.0105800),(0.0183261,-0.0137117,-0.0105800),(0.0181948,-0.0149208,-0.0105800),(0.0183261,-0.0137117,-0.0105800),(0.0184076,-0.0136963,-0.0105800),(0.0181948,-0.0149208,-0.0105800),(0.0184076,-0.0136963,-0.0105800),(0.0184898,-0.0137117,-0.0105800),(0.0181948,-0.0149208,-0.0105800),(0.0184898,-0.0137117,-0.0105800),(0.0185589,-0.0137577,-0.0105800),(0.0181948,-0.0149208,-0.0105800),(0.0185589,-0.0137577,-0.0105800),(0.0186057,-0.0138257,-0.0105800),(0.0181948,-0.0149208,-0.0105800),(0.0186057,-0.0138257,-0.0105800),(0.0186213,-0.0139091,-0.0105800),(0.0181948,-0.0149208,-0.0105800),(0.0186213,-0.0139091,-0.0105800),(0.0186213,-0.0149208,-0.0105800),(0.0188637,-0.0153463,-0.0105800),(0.0181948,-0.0149208,-0.0105800),(0.0186213,-0.0149208,-0.0105800),(0.0188637,-0.0153463,-0.0105800),(0.0186213,-0.0149208,-0.0105800),(0.0188637,-0.0149208,-0.0105800),(0.0188637,-0.0153463,-0.0105800),(0.0188637,-0.0149208,-0.0105800),(0.0189473,-0.0149364,-0.0105800),(0.0188637,-0.0153463,-0.0105800),(0.0189473,-0.0149364,-0.0105800),(0.0190161,-0.0149833,-0.0105800),(0.0188637,-0.0153463,-0.0105800),(0.0190161,-0.0149833,-0.0105800),(0.0190621,-0.0150521,-0.0105800),(0.0188637,-0.0153463,-0.0105800),(0.0190621,-0.0150521,-0.0105800),(0.0190775,-0.0151336,-0.0105800),(0.0188637,-0.0153463,-0.0105800),(0.0190775,-0.0151336,-0.0105800),(0.0190621,-0.0152151,-0.0105800),(0.0188637,-0.0153463,-0.0105800),(0.0190621,-0.0152151,-0.0105800),(0.0190161,-0.0152838,-0.0105800),(0.0188637,-0.0153463,-0.0105800),(0.0190161,-0.0152838,-0.0105800),(0.0189473,-0.0153307,-0.0105800),(0.0265048,-0.0174914,-0.0105800),(0.0264426,-0.0174254,-0.0105800),(0.0263865,-0.0173528,-0.0105800),(0.0265048,-0.0174914,-0.0105800),(0.0263865,-0.0173528,-0.0105800),(0.0263380,-0.0172756,-0.0105800),(0.0265048,-0.0174914,-0.0105800),(0.0263380,-0.0172756,-0.0105800),(0.0262969,-0.0171940,-0.0105800),(0.0265048,-0.0174914,-0.0105800),(0.0262969,-0.0171940,-0.0105800),(0.0262632,-0.0171079,-0.0105800),(0.0265048,-0.0174914,-0.0105800),(0.0262632,-0.0171079,-0.0105800),(0.0262371,-0.0170173,-0.0105800),(0.0265048,-0.0174914,-0.0105800),(0.0262371,-0.0170173,-0.0105800),(0.0262184,-0.0169221,-0.0105800),(0.0265048,-0.0174914,-0.0105800),(0.0262184,-0.0169221,-0.0105800),(0.0262072,-0.0168225,-0.0105800),(0.0265048,-0.0174914,-0.0105800),(0.0262072,-0.0168225,-0.0105800),(0.0262034,-0.0167184,-0.0105800),(0.0265048,-0.0174914,-0.0105800),(0.0262034,-0.0167184,-0.0105800),(0.0262071,-0.0166142,-0.0105800),(0.0265048,-0.0174914,-0.0105800),(0.0262071,-0.0166142,-0.0105800),(0.0262183,-0.0165138,-0.0105800),(0.0265048,-0.0174914,-0.0105800),(0.0262183,-0.0165138,-0.0105800),(0.0262369,-0.0164172,-0.0105800),(0.0265048,-0.0174914,-0.0105800),(0.0262369,-0.0164172,-0.0105800),(0.0262630,-0.0163245,-0.0105800),(0.0265048,-0.0174914,-0.0105800),(0.0262630,-0.0163245,-0.0105800),(0.0262964,-0.0162355,-0.0105800),(0.0265048,-0.0174914,-0.0105800),(0.0262964,-0.0162355,-0.0105800),(0.0263374,-0.0161503,-0.0105800),(0.0263374,-0.0161503,-0.0105800),(0.0266979,-0.0163723,-0.0105800),(0.0266596,-0.0164750,-0.0105800),(0.0263374,-0.0161503,-0.0105800),(0.0266596,-0.0164750,-0.0105800),(0.0266365,-0.0165904,-0.0105800),(0.0265048,-0.0174914,-0.0105800),(0.0263374,-0.0161503,-0.0105800),(0.0266365,-0.0165904,-0.0105800),(0.0265048,-0.0174914,-0.0105800),(0.0266365,-0.0165904,-0.0105800),(0.0266289,-0.0167184,-0.0105800),(0.0265048,-0.0174914,-0.0105800),(0.0266289,-0.0167184,-0.0105800),(0.0266366,-0.0168439,-0.0105800),(0.0265048,-0.0174914,-0.0105800),(0.0266366,-0.0168439,-0.0105800),(0.0266598,-0.0169547,-0.0105800),(0.0265048,-0.0174914,-0.0105800),(0.0266598,-0.0169547,-0.0105800),(0.0266985,-0.0170508,-0.0105800),(0.0265048,-0.0174914,-0.0105800),(0.0266985,-0.0170508,-0.0105800),(0.0267527,-0.0171322,-0.0105800),(0.0265048,-0.0174914,-0.0105800),(0.0267527,-0.0171322,-0.0105800),(0.0268192,-0.0171970,-0.0105800),(0.0265048,-0.0174914,-0.0105800),(0.0268192,-0.0171970,-0.0105800),(0.0268950,-0.0172434,-0.0105800),(0.0265048,-0.0174914,-0.0105800),(0.0268950,-0.0172434,-0.0105800),(0.0269801,-0.0172711,-0.0105800),(0.0265048,-0.0174914,-0.0105800),(0.0269801,-0.0172711,-0.0105800),(0.0270744,-0.0172804,-0.0105800),(0.0265048,-0.0174914,-0.0105800),(0.0270744,-0.0172804,-0.0105800),(0.0271688,-0.0172711,-0.0105800),(0.0265048,-0.0174914,-0.0105800),(0.0271688,-0.0172711,-0.0105800),(0.0272538,-0.0172434,-0.0105800),(0.0267516,-0.0162824,-0.0105800),(0.0266979,-0.0163723,-0.0105800),(0.0263374,-0.0161503,-0.0105800),(0.0268143,-0.0162176,-0.0105800),(0.0267516,-0.0162824,-0.0105800),(0.0263374,-0.0161503,-0.0105800),(0.0268839,-0.0161713,-0.0105800),(0.0268143,-0.0162176,-0.0105800),(0.0263374,-0.0161503,-0.0105800),(0.0269604,-0.0161435,-0.0105800),(0.0268839,-0.0161713,-0.0105800),(0.0263374,-0.0161503,-0.0105800),(0.0270437,-0.0161342,-0.0105800),(0.0269604,-0.0161435,-0.0105800),(0.0263374,-0.0161503,-0.0105800),(0.0270437,-0.0161342,-0.0105800),(0.0263374,-0.0161503,-0.0105800),(0.0263857,-0.0160689,-0.0105800),(0.0271062,-0.0161342,-0.0105800),(0.0270437,-0.0161342,-0.0105800),(0.0263857,-0.0160689,-0.0105800),(0.0271062,-0.0161342,-0.0105800),(0.0263857,-0.0160689,-0.0105800),(0.0264415,-0.0159913,-0.0105800),(0.0271910,-0.0161435,-0.0105800),(0.0271062,-0.0161342,-0.0105800),(0.0264415,-0.0159913,-0.0105800),(0.0271910,-0.0161435,-0.0105800),(0.0264415,-0.0159913,-0.0105800),(0.0264902,-0.0159427,-0.0105800),(0.0271910,-0.0161435,-0.0105800),(0.0264902,-0.0159427,-0.0105800),(0.0264050,-0.0158665,-0.0105800),(0.0271910,-0.0161435,-0.0105800),(0.0264050,-0.0158665,-0.0105800),(0.0263209,-0.0157733,-0.0105800),(0.0272678,-0.0161713,-0.0105800),(0.0271910,-0.0161435,-0.0105800),(0.0263209,-0.0157733,-0.0105800),(0.0272678,-0.0161713,-0.0105800),(0.0263209,-0.0157733,-0.0105800),(0.0262537,-0.0156810,-0.0105800),(0.0272678,-0.0161713,-0.0105800),(0.0262537,-0.0156810,-0.0105800),(0.0261954,-0.0155834,-0.0105800),(0.0272678,-0.0161713,-0.0105800),(0.0261954,-0.0155834,-0.0105800),(0.0261461,-0.0154804,-0.0105800),(0.0272678,-0.0161713,-0.0105800),(0.0261461,-0.0154804,-0.0105800),(0.0261058,-0.0153722,-0.0105800),(0.0273366,-0.0162176,-0.0105800),(0.0272678,-0.0161713,-0.0105800),(0.0261058,-0.0153722,-0.0105800),(0.0273366,-0.0162176,-0.0105800),(0.0261058,-0.0153722,-0.0105800),(0.0260744,-0.0152587,-0.0105800),(0.0273366,-0.0162176,-0.0105800),(0.0260744,-0.0152587,-0.0105800),(0.0260520,-0.0151399,-0.0105800),(0.0273366,-0.0162176,-0.0105800),(0.0260520,-0.0151399,-0.0105800),(0.0260386,-0.0150158,-0.0105800),(0.0273366,-0.0162176,-0.0105800),(0.0260386,-0.0150158,-0.0105800),(0.0260341,-0.0148864,-0.0105800),(0.0260341,-0.0148864,-0.0105800),(0.0260386,-0.0147584,-0.0105800),(0.0260521,-0.0146356,-0.0105800),(0.0260341,-0.0148864,-0.0105800),(0.0260521,-0.0146356,-0.0105800),(0.0260747,-0.0145180,-0.0105800),(0.0260341,-0.0148864,-0.0105800),(0.0260747,-0.0145180,-0.0105800),(0.0261063,-0.0144057,-0.0105800),(0.0260341,-0.0148864,-0.0105800),(0.0261063,-0.0144057,-0.0105800),(0.0261469,-0.0142987,-0.0105800),(0.0260341,-0.0148864,-0.0105800),(0.0261469,-0.0142987,-0.0105800),(0.0261966,-0.0141969,-0.0105800),(0.0260341,-0.0148864,-0.0105800),(0.0261966,-0.0141969,-0.0105800),(0.0262553,-0.0141003,-0.0105800),(0.0260341,-0.0148864,-0.0105800),(0.0262553,-0.0141003,-0.0105800),(0.0263230,-0.0140091,-0.0105800),(0.0260341,-0.0148864,-0.0105800),(0.0263230,-0.0140091,-0.0105800),(0.0263977,-0.0139267,-0.0105800),(0.0260341,-0.0148864,-0.0105800),(0.0263977,-0.0139267,-0.0105800),(0.0264779,-0.0138554,-0.0105800),(0.0260341,-0.0148864,-0.0105800),(0.0264779,-0.0138554,-0.0105800),(0.0265636,-0.0137950,-0.0105800),(0.0260341,-0.0148864,-0.0105800),(0.0265636,-0.0137950,-0.0105800),(0.0266548,-0.0137456,-0.0105800),(0.0260341,-0.0148864,-0.0105800),(0.0266548,-0.0137456,-0.0105800),(0.0267515,-0.0137071,-0.0105800),(0.0260341,-0.0148864,-0.0105800),(0.0267515,-0.0137071,-0.0105800),(0.0268536,-0.0136797,-0.0105800),(0.0260341,-0.0148864,-0.0105800),(0.0268536,-0.0136797,-0.0105800),(0.0269613,-0.0136632,-0.0105800),(0.0260341,-0.0148864,-0.0105800),(0.0269613,-0.0136632,-0.0105800),(0.0270744,-0.0136577,-0.0105800),(0.0260341,-0.0148864,-0.0105800),(0.0270744,-0.0136577,-0.0105800),(0.0271878,-0.0136632,-0.0105800),(0.0271878,-0.0136632,-0.0105800),(0.0272956,-0.0136797,-0.0105800),(0.0273979,-0.0137071,-0.0105800),(0.0271878,-0.0136632,-0.0105800),(0.0273979,-0.0137071,-0.0105800),(0.0274946,-0.0137456,-0.0105800),(0.0271878,-0.0136632,-0.0105800),(0.0274946,-0.0137456,-0.0105800),(0.0275857,-0.0137950,-0.0105800),(0.0271878,-0.0136632,-0.0105800),(0.0275857,-0.0137950,-0.0105800),(0.0276713,-0.0138554,-0.0105800),(0.0271878,-0.0136632,-0.0105800),(0.0276713,-0.0138554,-0.0105800),(0.0277514,-0.0139267,-0.0105800),(0.0271878,-0.0136632,-0.0105800),(0.0277514,-0.0139267,-0.0105800),(0.0278258,-0.0140091,-0.0105800),(0.0271878,-0.0136632,-0.0105800),(0.0278258,-0.0140091,-0.0105800),(0.0278936,-0.0141003,-0.0105800),(0.0271878,-0.0136632,-0.0105800),(0.0278936,-0.0141003,-0.0105800),(0.0279523,-0.0141969,-0.0105800),(0.0271878,-0.0136632,-0.0105800),(0.0279523,-0.0141969,-0.0105800),(0.0280019,-0.0142987,-0.0105800),(0.0271878,-0.0136632,-0.0105800),(0.0280019,-0.0142987,-0.0105800),(0.0280425,-0.0144057,-0.0105800),(0.0271878,-0.0136632,-0.0105800),(0.0280425,-0.0144057,-0.0105800),(0.0280741,-0.0145180,-0.0105800),(0.0271878,-0.0136632,-0.0105800),(0.0280741,-0.0145180,-0.0105800),(0.0280967,-0.0146356,-0.0105800),(0.0271878,-0.0136632,-0.0105800),(0.0280967,-0.0146356,-0.0105800),(0.0281103,-0.0147584,-0.0105800),(0.0271878,-0.0136632,-0.0105800),(0.0281103,-0.0147584,-0.0105800),(0.0281148,-0.0148864,-0.0105800),(0.0271878,-0.0136632,-0.0105800),(0.0281148,-0.0148864,-0.0105800),(0.0281103,-0.0150158,-0.0105800),(0.0271878,-0.0136632,-0.0105800),(0.0281103,-0.0150158,-0.0105800),(0.0280968,-0.0151399,-0.0105800),(0.0271878,-0.0136632,-0.0105800),(0.0280968,-0.0151399,-0.0105800),(0.0280744,-0.0152587,-0.0105800),(0.0280744,-0.0152587,-0.0105800),(0.0280431,-0.0153722,-0.0105800),(0.0280027,-0.0154804,-0.0105800),(0.0280744,-0.0152587,-0.0105800),(0.0280027,-0.0154804,-0.0105800),(0.0279534,-0.0155834,-0.0105800),(0.0280744,-0.0152587,-0.0105800),(0.0279534,-0.0155834,-0.0105800),(0.0275896,-0.0153637,-0.0105800),(0.0280744,-0.0152587,-0.0105800),(0.0275896,-0.0153637,-0.0105800),(0.0276438,-0.0152227,-0.0105800),(0.0280744,-0.0152587,-0.0105800),(0.0276438,-0.0152227,-0.0105800),(0.0276764,-0.0150636,-0.0105800),(0.0280744,-0.0152587,-0.0105800),(0.0276764,-0.0150636,-0.0105800),(0.0276845,-0.0149773,-0.0105800),(0.0280744,-0.0152587,-0.0105800),(0.0276845,-0.0149773,-0.0105800),(0.0276872,-0.0148864,-0.0105800),(0.0280744,-0.0152587,-0.0105800),(0.0276872,-0.0148864,-0.0105800),(0.0276844,-0.0147958,-0.0105800),(0.0280744,-0.0152587,-0.0105800),(0.0276844,-0.0147958,-0.0105800),(0.0276761,-0.0147100,-0.0105800),(0.0280744,-0.0152587,-0.0105800),(0.0276761,-0.0147100,-0.0105800),(0.0276622,-0.0146291,-0.0105800),(0.0280744,-0.0152587,-0.0105800),(0.0276622,-0.0146291,-0.0105800),(0.0276428,-0.0145531,-0.0105800),(0.0280744,-0.0152587,-0.0105800),(0.0276428,-0.0145531,-0.0105800),(0.0275872,-0.0144157,-0.0105800),(0.0271878,-0.0136632,-0.0105800),(0.0280744,-0.0152587,-0.0105800),(0.0275872,-0.0144157,-0.0105800),(0.0271878,-0.0136632,-0.0105800),(0.0275872,-0.0144157,-0.0105800),(0.0275094,-0.0142980,-0.0105800),(0.0271878,-0.0136632,-0.0105800),(0.0275094,-0.0142980,-0.0105800),(0.0274159,-0.0142040,-0.0105800),(0.0271878,-0.0136632,-0.0105800),(0.0274159,-0.0142040,-0.0105800),(0.0273123,-0.0141369,-0.0105800),(0.0271878,-0.0136632,-0.0105800),(0.0273123,-0.0141369,-0.0105800),(0.0271985,-0.0140966,-0.0105800),(0.0271878,-0.0136632,-0.0105800),(0.0271985,-0.0140966,-0.0105800),(0.0270744,-0.0140832,-0.0105800),(0.0271878,-0.0136632,-0.0105800),(0.0270744,-0.0140832,-0.0105800),(0.0269504,-0.0140966,-0.0105800),(0.0271878,-0.0136632,-0.0105800),(0.0269504,-0.0140966,-0.0105800),(0.0268366,-0.0141369,-0.0105800),(0.0271878,-0.0136632,-0.0105800),(0.0268366,-0.0141369,-0.0105800),(0.0267329,-0.0142040,-0.0105800),(0.0260341,-0.0148864,-0.0105800),(0.0271878,-0.0136632,-0.0105800),(0.0267329,-0.0142040,-0.0105800),(0.0260341,-0.0148864,-0.0105800),(0.0267329,-0.0142040,-0.0105800),(0.0266395,-0.0142980,-0.0105800),(0.0260341,-0.0148864,-0.0105800),(0.0266395,-0.0142980,-0.0105800),(0.0265621,-0.0144157,-0.0105800),(0.0260341,-0.0148864,-0.0105800),(0.0265621,-0.0144157,-0.0105800),(0.0265069,-0.0145531,-0.0105800),(0.0260341,-0.0148864,-0.0105800),(0.0265069,-0.0145531,-0.0105800),(0.0264738,-0.0147100,-0.0105800),(0.0260341,-0.0148864,-0.0105800),(0.0264738,-0.0147100,-0.0105800),(0.0264655,-0.0147958,-0.0105800),(0.0260341,-0.0148864,-0.0105800),(0.0264655,-0.0147958,-0.0105800),(0.0264627,-0.0148864,-0.0105800),(0.0260341,-0.0148864,-0.0105800),(0.0264627,-0.0148864,-0.0105800),(0.0264654,-0.0149773,-0.0105800),(0.0260341,-0.0148864,-0.0105800),(0.0264654,-0.0149773,-0.0105800),(0.0264736,-0.0150636,-0.0105800),(0.0260341,-0.0148864,-0.0105800),(0.0264736,-0.0150636,-0.0105800),(0.0264871,-0.0151455,-0.0105800),(0.0260341,-0.0148864,-0.0105800),(0.0264871,-0.0151455,-0.0105800),(0.0265061,-0.0152227,-0.0105800),(0.0260341,-0.0148864,-0.0105800),(0.0265061,-0.0152227,-0.0105800),(0.0265603,-0.0153637,-0.0105800),(0.0260341,-0.0148864,-0.0105800),(0.0265603,-0.0153637,-0.0105800),(0.0266363,-0.0154865,-0.0105800),(0.0260341,-0.0148864,-0.0105800),(0.0266363,-0.0154865,-0.0105800),(0.0267288,-0.0155838,-0.0105800),(0.0273366,-0.0162176,-0.0105800),(0.0260341,-0.0148864,-0.0105800),(0.0267288,-0.0155838,-0.0105800),(0.0273366,-0.0162176,-0.0105800),(0.0267288,-0.0155838,-0.0105800),(0.0268326,-0.0156532,-0.0105800),(0.0273972,-0.0162824,-0.0105800),(0.0273366,-0.0162176,-0.0105800),(0.0268326,-0.0156532,-0.0105800),(0.0273972,-0.0162824,-0.0105800),(0.0268326,-0.0156532,-0.0105800),(0.0269478,-0.0156949,-0.0105800),(0.0273972,-0.0162824,-0.0105800),(0.0269478,-0.0156949,-0.0105800),(0.0270744,-0.0157088,-0.0105800),(0.0274509,-0.0163723,-0.0105800),(0.0273972,-0.0162824,-0.0105800),(0.0270744,-0.0157088,-0.0105800),(0.0274509,-0.0163723,-0.0105800),(0.0270744,-0.0157088,-0.0105800),(0.0272015,-0.0156949,-0.0105800),(0.0274893,-0.0164750,-0.0105800),(0.0274509,-0.0163723,-0.0105800),(0.0272015,-0.0156949,-0.0105800),(0.0274893,-0.0164750,-0.0105800),(0.0272015,-0.0156949,-0.0105800),(0.0273171,-0.0156532,-0.0105800),(0.0274893,-0.0164750,-0.0105800),(0.0273171,-0.0156532,-0.0105800),(0.0274211,-0.0155838,-0.0105800),(0.0275123,-0.0165904,-0.0105800),(0.0274893,-0.0164750,-0.0105800),(0.0274211,-0.0155838,-0.0105800),(0.0275123,-0.0165904,-0.0105800),(0.0274211,-0.0155838,-0.0105800),(0.0275136,-0.0154865,-0.0105800),(0.0275200,-0.0167184,-0.0105800),(0.0275123,-0.0165904,-0.0105800),(0.0275136,-0.0154865,-0.0105800),(0.0275200,-0.0167184,-0.0105800),(0.0275136,-0.0154865,-0.0105800),(0.0275896,-0.0153637,-0.0105800),(0.0275896,-0.0153637,-0.0105800),(0.0279534,-0.0155834,-0.0105800),(0.0278952,-0.0156810,-0.0105800),(0.0275896,-0.0153637,-0.0105800),(0.0278952,-0.0156810,-0.0105800),(0.0278280,-0.0157733,-0.0105800),(0.0275896,-0.0153637,-0.0105800),(0.0278280,-0.0157733,-0.0105800),(0.0277441,-0.0158665,-0.0105800),(0.0275896,-0.0153637,-0.0105800),(0.0277441,-0.0158665,-0.0105800),(0.0276597,-0.0159427,-0.0105800),(0.0275200,-0.0167184,-0.0105800),(0.0275896,-0.0153637,-0.0105800),(0.0276597,-0.0159427,-0.0105800),(0.0275122,-0.0168439,-0.0105800),(0.0275200,-0.0167184,-0.0105800),(0.0276597,-0.0159427,-0.0105800),(0.0275122,-0.0168439,-0.0105800),(0.0276597,-0.0159427,-0.0105800),(0.0277073,-0.0159913,-0.0105800),(0.0274890,-0.0169547,-0.0105800),(0.0275122,-0.0168439,-0.0105800),(0.0277073,-0.0159913,-0.0105800),(0.0274890,-0.0169547,-0.0105800),(0.0277073,-0.0159913,-0.0105800),(0.0277634,-0.0160689,-0.0105800),(0.0274890,-0.0169547,-0.0105800),(0.0277634,-0.0160689,-0.0105800),(0.0278120,-0.0161503,-0.0105800),(0.0274890,-0.0169547,-0.0105800),(0.0278120,-0.0161503,-0.0105800),(0.0278531,-0.0162355,-0.0105800),(0.0274503,-0.0170508,-0.0105800),(0.0274890,-0.0169547,-0.0105800),(0.0278531,-0.0162355,-0.0105800),(0.0274503,-0.0170508,-0.0105800),(0.0278531,-0.0162355,-0.0105800),(0.0278867,-0.0163245,-0.0105800),(0.0274503,-0.0170508,-0.0105800),(0.0278867,-0.0163245,-0.0105800),(0.0279129,-0.0164172,-0.0105800),(0.0273962,-0.0171322,-0.0105800),(0.0274503,-0.0170508,-0.0105800),(0.0279129,-0.0164172,-0.0105800),(0.0273962,-0.0171322,-0.0105800),(0.0279129,-0.0164172,-0.0105800),(0.0279315,-0.0165138,-0.0105800),(0.0273962,-0.0171322,-0.0105800),(0.0279315,-0.0165138,-0.0105800),(0.0279428,-0.0166142,-0.0105800),(0.0273296,-0.0171970,-0.0105800),(0.0273962,-0.0171322,-0.0105800),(0.0279428,-0.0166142,-0.0105800),(0.0273296,-0.0171970,-0.0105800),(0.0279428,-0.0166142,-0.0105800),(0.0279465,-0.0167184,-0.0105800),(0.0273296,-0.0171970,-0.0105800),(0.0279465,-0.0167184,-0.0105800),(0.0279427,-0.0168225,-0.0105800),(0.0273296,-0.0171970,-0.0105800),(0.0279427,-0.0168225,-0.0105800),(0.0279315,-0.0169221,-0.0105800),(0.0272538,-0.0172434,-0.0105800),(0.0273296,-0.0171970,-0.0105800),(0.0279315,-0.0169221,-0.0105800),(0.0272538,-0.0172434,-0.0105800),(0.0279315,-0.0169221,-0.0105800),(0.0279127,-0.0170173,-0.0105800),(0.0272538,-0.0172434,-0.0105800),(0.0279127,-0.0170173,-0.0105800),(0.0278864,-0.0171079,-0.0105800),(0.0265048,-0.0174914,-0.0105800),(0.0272538,-0.0172434,-0.0105800),(0.0278864,-0.0171079,-0.0105800),(0.0265048,-0.0174914,-0.0105800),(0.0278864,-0.0171079,-0.0105800),(0.0278527,-0.0171940,-0.0105800),(0.0265048,-0.0174914,-0.0105800),(0.0278527,-0.0171940,-0.0105800),(0.0278114,-0.0172756,-0.0105800),(0.0265048,-0.0174914,-0.0105800),(0.0278114,-0.0172756,-0.0105800),(0.0277626,-0.0173528,-0.0105800),(0.0265048,-0.0174914,-0.0105800),(0.0277626,-0.0173528,-0.0105800),(0.0277063,-0.0174254,-0.0105800),(0.0265048,-0.0174914,-0.0105800),(0.0277063,-0.0174254,-0.0105800),(0.0276441,-0.0174914,-0.0105800),(0.0265048,-0.0174914,-0.0105800),(0.0276441,-0.0174914,-0.0105800),(0.0275771,-0.0175485,-0.0105800),(0.0265048,-0.0174914,-0.0105800),(0.0275771,-0.0175485,-0.0105800),(0.0275053,-0.0175969,-0.0105800),(0.0265048,-0.0174914,-0.0105800),(0.0275053,-0.0175969,-0.0105800),(0.0274287,-0.0176365,-0.0105800),(0.0265048,-0.0174914,-0.0105800),(0.0274287,-0.0176365,-0.0105800),(0.0273473,-0.0176673,-0.0105800),(0.0265048,-0.0174914,-0.0105800),(0.0273473,-0.0176673,-0.0105800),(0.0272612,-0.0176893,-0.0105800),(0.0265048,-0.0174914,-0.0105800),(0.0272612,-0.0176893,-0.0105800),(0.0271702,-0.0177025,-0.0105800),(0.0265048,-0.0174914,-0.0105800),(0.0271702,-0.0177025,-0.0105800),(0.0270744,-0.0177069,-0.0105800),(0.0265048,-0.0174914,-0.0105800),(0.0270744,-0.0177069,-0.0105800),(0.0269787,-0.0177025,-0.0105800),(0.0265048,-0.0174914,-0.0105800),(0.0269787,-0.0177025,-0.0105800),(0.0268877,-0.0176893,-0.0105800),(0.0265048,-0.0174914,-0.0105800),(0.0268877,-0.0176893,-0.0105800),(0.0268015,-0.0176673,-0.0105800),(0.0265048,-0.0174914,-0.0105800),(0.0268015,-0.0176673,-0.0105800),(0.0267202,-0.0176365,-0.0105800),(0.0265048,-0.0174914,-0.0105800),(0.0267202,-0.0176365,-0.0105800),(0.0266436,-0.0175969,-0.0105800),(0.0265048,-0.0174914,-0.0105800),(0.0266436,-0.0175969,-0.0105800),(0.0265718,-0.0175485,-0.0105800),(0.0228104,-0.0137318,-0.0105800),(0.0229099,-0.0136228,-0.0105800),(0.0230231,-0.0135953,-0.0105800),(0.0228104,-0.0137318,-0.0105800),(0.0230231,-0.0135953,-0.0105800),(0.0231242,-0.0136207,-0.0105800),(0.0228104,-0.0137318,-0.0105800),(0.0231242,-0.0136207,-0.0105800),(0.0232009,-0.0136969,-0.0105800),(0.0228104,-0.0137318,-0.0105800),(0.0232009,-0.0136969,-0.0105800),(0.0232083,-0.0137032,-0.0105800),(0.0228104,-0.0137318,-0.0105800),(0.0232083,-0.0137032,-0.0105800),(0.0244540,-0.0158707,-0.0105800),(0.0228104,-0.0137318,-0.0105800),(0.0244540,-0.0158707,-0.0105800),(0.0244815,-0.0159776,-0.0105800),(0.0228104,-0.0137318,-0.0105800),(0.0244815,-0.0159776,-0.0105800),(0.0244537,-0.0160869,-0.0105800),(0.0228104,-0.0137318,-0.0105800),(0.0244537,-0.0160869,-0.0105800),(0.0243704,-0.0161649,-0.0105800),(0.0228104,-0.0137318,-0.0105800),(0.0243704,-0.0161649,-0.0105800),(0.0242635,-0.0161945,-0.0105800),(0.0228104,-0.0137318,-0.0105800),(0.0242635,-0.0161945,-0.0105800),(0.0241548,-0.0161668,-0.0105800),(0.0228104,-0.0137318,-0.0105800),(0.0241548,-0.0161668,-0.0105800),(0.0240783,-0.0160834,-0.0105800),(0.0228104,-0.0137318,-0.0105800),(0.0240783,-0.0160834,-0.0105800),(0.0232359,-0.0146176,-0.0105800),(0.0228104,-0.0137318,-0.0105800),(0.0232359,-0.0146176,-0.0105800),(0.0232359,-0.0172254,-0.0105800),(0.0232359,-0.0172254,-0.0105800),(0.0248223,-0.0172254,-0.0105800),(0.0249072,-0.0172412,-0.0105800),(0.0232359,-0.0172254,-0.0105800),(0.0249072,-0.0172412,-0.0105800),(0.0249779,-0.0172889,-0.0105800),(0.0232359,-0.0172254,-0.0105800),(0.0249779,-0.0172889,-0.0105800),(0.0250255,-0.0173584,-0.0105800),(0.0232359,-0.0172254,-0.0105800),(0.0250255,-0.0173584,-0.0105800),(0.0250414,-0.0174402,-0.0105800),(0.0232359,-0.0172254,-0.0105800),(0.0250414,-0.0174402,-0.0105800),(0.0250255,-0.0175222,-0.0105800),(0.0232359,-0.0172254,-0.0105800),(0.0250255,-0.0175222,-0.0105800),(0.0249779,-0.0175926,-0.0105800),(0.0232359,-0.0172254,-0.0105800),(0.0249779,-0.0175926,-0.0105800),(0.0249072,-0.0176418,-0.0105800),(0.0232359,-0.0172254,-0.0105800),(0.0249072,-0.0176418,-0.0105800),(0.0248223,-0.0176582,-0.0105800),(0.0232359,-0.0172254,-0.0105800),(0.0248223,-0.0176582,-0.0105800),(0.0230157,-0.0176582,-0.0105800),(0.0228104,-0.0137318,-0.0105800),(0.0232359,-0.0172254,-0.0105800),(0.0230157,-0.0176582,-0.0105800),(0.0230157,-0.0176582,-0.0105800),(0.0212102,-0.0176582,-0.0105800),(0.0211274,-0.0176418,-0.0105800),(0.0230157,-0.0176582,-0.0105800),(0.0211274,-0.0176418,-0.0105800),(0.0210589,-0.0175926,-0.0105800),(0.0230157,-0.0176582,-0.0105800),(0.0210589,-0.0175926,-0.0105800),(0.0210128,-0.0175222,-0.0105800),(0.0230157,-0.0176582,-0.0105800),(0.0210128,-0.0175222,-0.0105800),(0.0209975,-0.0174402,-0.0105800),(0.0230157,-0.0176582,-0.0105800),(0.0209975,-0.0174402,-0.0105800),(0.0210128,-0.0173584,-0.0105800),(0.0230157,-0.0176582,-0.0105800),(0.0210128,-0.0173584,-0.0105800),(0.0210589,-0.0172889,-0.0105800),(0.0230157,-0.0176582,-0.0105800),(0.0210589,-0.0172889,-0.0105800),(0.0211274,-0.0172412,-0.0105800),(0.0230157,-0.0176582,-0.0105800),(0.0211274,-0.0172412,-0.0105800),(0.0212102,-0.0172254,-0.0105800),(0.0230157,-0.0176582,-0.0105800),(0.0212102,-0.0172254,-0.0105800),(0.0228030,-0.0172254,-0.0105800),(0.0228104,-0.0137318,-0.0105800),(0.0230157,-0.0176582,-0.0105800),(0.0228030,-0.0172254,-0.0105800),(0.0228104,-0.0137318,-0.0105800),(0.0228030,-0.0172254,-0.0105800),(0.0228030,-0.0146134,-0.0105800),(0.0228104,-0.0137318,-0.0105800),(0.0228030,-0.0146134,-0.0105800),(0.0219468,-0.0161025,-0.0105800),(0.0228104,-0.0137318,-0.0105800),(0.0219468,-0.0161025,-0.0105800),(0.0218672,-0.0161818,-0.0105800),(0.0228104,-0.0137318,-0.0105800),(0.0218672,-0.0161818,-0.0105800),(0.0217595,-0.0162083,-0.0105800),(0.0228104,-0.0137318,-0.0105800),(0.0217595,-0.0162083,-0.0105800),(0.0216484,-0.0161808,-0.0105800),(0.0228104,-0.0137318,-0.0105800),(0.0216484,-0.0161808,-0.0105800),(0.0215666,-0.0161011,-0.0105800),(0.0228104,-0.0137318,-0.0105800),(0.0215666,-0.0161011,-0.0105800),(0.0215393,-0.0159913,-0.0105800),(0.0228104,-0.0137318,-0.0105800),(0.0215393,-0.0159913,-0.0105800),(0.0215711,-0.0158823,-0.0105800)));
#1601=COMPLEX_TRIANGULATED_SURFACE_SET('surface set',#1600,1383,(),(),(),((1,2,3),(4,5,6),(7,8,9),(10,11,12),(13,14,15),(16,17,18),(19,20,21),(22,23,24),(25,26,27),(28,29,30),(31,32,33),(34,35,36),(37,38,39),(40,41,42),(43,44,45),(46,47,48),(49,50,51),(52,53,54),(55,56,57),(58,59,60),(61,62,63),(64,65,66),(67,68,69),(70,71,72),(73,74,75),(76,77,78),(79,80,81),(82,83,84),(85,86,87),(88,89,90),(91,92,93),(94,95,96),(97,98,99),(100,101,102),(103,104,105),(106,107,108),(109,110,111),(112,113,114),(115,116,117),(118,119,120),(121,122,123),(124,125,126),(127,128,129),(130,131,132),(133,134,135),(136,137,138),(139,140,141),(142,143,144),(145,146,147),(148,149,150),(151,152,153),(154,155,156),(157,158,159),(160,161,162),(163,164,165),(166,167,168),(169,170,171),(172,173,174),(175,176,177),(178,179,180),(181,182,183),(184,185,186),(187,188,189),(190,191,192),(193,194,195),(196,197,198),(199,200,201),(202,203,204),(205,206,207),(208,209,210),(211,212,213),(214,215,216),(217,218,219),(220,221,222),(223,224,225),(226,227,228),(229,230,231),(232,233,234),(235,236,237),(238,239,240),(241,242,243),(244,245,246),(247,248,249),(250,251,252),(253,254,255),(256,257,258),(259,260,261),(262,263,264),(265,266,267),(268,269,270),(271,272,273),(274,275,276),(277,278,279),(280,281,282),(283,284,285),(286,287,288),(289,290,291),(292,293,294),(295,296,297),(298,299,300),(301,302,303),(304,305,306),(307,308,309),(310,311,312),(313,314,315),(316,317,318),(319,320,321),(322,323,324),(325,326,327),(328,329,330),(331,332,333),(334,335,336),(337,338,339),(340,341,342),(343,344,345),(346,347,348),(349,350,351),(352,353,354),(355,356,357),(358,359,360),(361,362,363),(364,365,366),(367,368,369),(370,371,372),(373,374,375),(376,377,378),(379,380,381),(382,383,384),(385,386,387),(388,389,390),(391,392,393),(394,395,396),(397,398,399),(400,401,402),(403,404,405),(406,407,408),(409,410,411),(412,413,414),(415,416,417),(418,419,420),(421,422,423),(424,425,426),(427,428,429),(430,431,432),(433,434,435),(436,437,438),(439,440,441),(442,443,444),(445,446,447),(448,449,450),(451,452,453),(454,455,456),(457,458,459),(460,461,462),(463,464,465),(466,467,468),(469,470,471),(472,473,474),(475,476,477),(478,479,480),(481,482,483),(484,485,486),(487,488,489),(490,491,492),(493,494,495),(496,497,498),(499,500,501),(502,503,504),(505,506,507),(508,509,510),(511,512,513),(514,515,516),(517,518,519),(520,521,522),(523,524,525),(526,527,528),(529,530,531),(532,533,534),(535,536,537),(538,539,540),(541,542,543),(544,545,546),(547,548,549),(550,551,552),(553,554,555),(556,557,558),(559,560,561),(562,563,564),(565,566,567),(568,569,570),(571,572,573),(574,575,576),(577,578,579),(580,581,582),(583,584,585),(586,587,588),(589,590,591),(592,593,594),(595,596,597),(598,599,600),(601,602,603),(604,605,606),(607,608,609),(610,611,612),(613,614,615),(616,617,618),(619,620,621),(622,623,624),(625,626,627),(628,629,630),(631,632,633),(634,635,636),(637,638,639),(640,641,642),(643,644,645),(646,647,648),(649,650,651),(652,653,654),(655,656,657),(658,659,660),(661,662,663),(664,665,666),(667,668,669),(670,671,672),(673,674,675),(676,677,678),(679,680,681),(682,683,684),(685,686,687),(688,689,690),(691,692,693),(694,695,696),(697,698,699),(700,701,702),(703,704,705),(706,707,708),(709,710,711),(712,713,714),(715,716,717),(718,719,720),(721,722,723),(724,725,726),(727,728,729),(730,731,732),(733,734,735),(736,737,738),(739,740,741),(742,743,744),(745,746,747),(748,749,750),(751,752,753),(754,755,756),(757,758,759),(760,761,762),(763,764,765),(766,767,768),(769,770,771),(772,773,774),(775,776,777),(778,779,780),(781,782,783),(784,785,786),(787,788,789),(790,791,792),(793,794,795),(796,797,798),(799,800,801),(802,803,804),(805,806,807),(808,809,810),(811,812,813),(814,815,816),(817,818,819),(820,821,822),(823,824,825),(826,827,828),(829,830,831),(832,833,834),(835,836,837),(838,839,840),(841,842,843),(844,845,846),(847,848,849),(850,851,852),(853,854,855),(856,857,858),(859,860,861),(862,863,864),(865,866,867),(868,869,870),(871,872,873),(874,875,876),(877,878,879),(880,881,882),(883,884,885),(886,887,888),(889,890,891),(892,893,894),(895,896,897),(898,899,900),(901,902,903),(904,905,906),(907,908,909),(910,911,912),(913,914,915),(916,917,918),(919,920,921),(922,923,924),(925,926,927),(928,929,930),(931,932,933),(934,935,936),(937,938,939),(940,941,942),(943,944,945),(946,947,948),(949,950,951),(952,953,954),(955,956,957),(958,959,960),(961,962,963),(964,965,966),(967,968,969),(970,971,972),(973,974,975),(976,977,978),(979,980,981),(982,983,984),(985,986,987),(988,989,990),(991,992,993),(994,995,996),(997,998,999),(1000,1001,1002),(1003,1004,1005),(1006,1007,1008),(1009,1010,1011),(1012,1013,1014),(1015,1016,1017),(1018,1019,1020),(1021,1022,1023),(1024,1025,1026),(1027,1028,1029),(1030,1031,1032),(1033,1034,1035),(1036,1037,1038),(1039,1040,1041),(1042,1043,1044),(1045,1046,1047),(1048,1049,1050),(1051,1052,1053),(1054,1055,1056),(1057,1058,1059),(1060,1061,1062),(1063,1064,1065),(1066,1067,1068),(1069,1070,1071),(1072,1073,1074),(1075,1076,1077),(1078,1079,1080),(1081,1082,1083),(1084,1085,1086),(1087,1088,1089),(1090,1091,1092),(1093,1094,1095),(1096,1097,1098),(1099,1100,1101),(1102,1103,1104),(1105,1106,1107),(1108,1109,1110),(1111,1112,1113),(1114,1115,1116),(1117,1118,1119),(1120,1121,1122),(1123,1124,1125),(1126,1127,1128),(1129,1130,1131),(1132,1133,1134),(1135,1136,1137),(1138,1139,1140),(1141,1142,1143),(1144,1145,1146),(1147,1148,1149),(1150,1151,1152),(1153,1154,1155),(1156,1157,1158),(1159,1160,1161),(1162,1163,1164),(1165,1166,1167),(1168,1169,1170),(1171,1172,1173),(1174,1175,1176),(1177,1178,1179),(1180,1181,1182),(1183,1184,1185),(1186,1187,1188),(1189,1190,1191),(1192,1193,1194),(1195,1196,1197),(1198,1199,1200),(1201,1202,1203),(1204,1205,1206),(1207,1208,1209),(1210,1211,1212),(1213,1214,1215),(1216,1217,1218),(1219,1220,1221),(1222,1223,1224),(1225,1226,1227),(1228,1229,1230),(1231,1232,1233),(1234,1235,1236),(1237,1238,1239),(1240,1241,1242),(1243,1244,1245),(1246,1247,1248),(1249,1250,1251),(1252,1253,1254),(1255,1256,1257),(1258,1259,1260),(1261,1262,1263),(1264,1265,1266),(1267,1268,1269),(1270,1271,1272),(1273,1274,1275),(1276,1277,1278),(1279,1280,1281),(1282,1283,1284),(1285,1286,1287),(1288,1289,1290),(1291,1292,1293),(1294,1295,1296),(1297,1298,1299),(1300,1301,1302),(1303,1304,1305),(1306,1307,1308),(1309,1310,1311),(1312,1313,1314),(1315,1316,1317),(1318,1319,1320),(1321,1322,1323),(1324,1325,1326),(1327,1328,1329),(1330,1331,1332),(1333,1334,1335),(1336,1337,1338),(1339,1340,1341),(1342,1343,1344),(1345,1346,1347),(1348,1349,1350),(1351,1352,1353),(1354,1355,1356),(1357,1358,1359),(1360,1361,1362),(1363,1364,1365),(1366,1367,1368),(1369,1370,1371),(1372,1373,1374),(1375,1376,1377),(1378,1379,1380),(1381,1382,1383)));
#1602=TESSELLATED_GEOMETRIC_SET('hole callout',(#1601));
#1603=COORDINATES_LIST('coordinates',5,((0.0124142,-0.0111142,-0.0105800),(0.0287548,-0.0111142,-0.0105800),(0.0014142,-0.0051142,-0.0105800),(0.0074142,-0.0111142,-0.0105800),(0.0124142,-0.0111142,-0.0105800)));
#1604=TESSELLATED_CURVE_SET('curve set',#1603,((1,2),(3,4,5)));
#1605=TESSELLATED_GEOMETRIC_SET('hole callout',(#1604));
#1606=TESSELLATED_ANNOTATION_OCCURRENCE('hole callout',(#1599),#1602);
#1607=TESSELLATED_ANNOTATION_OCCURRENCE('hole callout',(#1599),#1605);
#1608=DRAUGHTING_CALLOUT('hole callout',(#1606,#1607));
#1609=DRAUGHTING_MODEL_ITEM_ASSOCIATION('','',#1559,#1595,#1608);
#1610=DRAUGHTING_MODEL_ITEM_ASSOCIATION('','',#1567,#1595,#1608);
#1611=DRAUGHTING_MODEL_ITEM_ASSOCIATION('','',#1546,#1595,#1608);
ENDSEC;
END-ISO-10303-21;
