ISO-10303-21;
HEADER;
/* Generated by software containing ST-Developer
 * from STEP Tools, Inc. (www.steptools.com) 
 */
/* OPTION: using custom renumber hook */

FILE_DESCRIPTION(
/* description */ ('STEP AP242',
'CAx-IF Rec.Pracs.---Representation and Presentation of Product Manufa
cturing Information (PMI)---4.0---2014-10-13',
'CAx-IF Rec.Pracs.---3D Tessellated Geometry---0.4---2014-09-14','2;1'),

/* implementation_level */ '2;1');

FILE_NAME(
/* name */ '68a7510ca2e5bb132780dd8c',
/* time_stamp */ '2025-08-21T17:02:05Z',
/* author */ (''),
/* organization */ (''),
/* preprocessor_version */ 'ST-DEVELOPER v20',
/* originating_system */ 'ONSHAPE BY PTC INC, 1.202',
/* authorisation */ '  ');

FILE_SCHEMA (('AP242_MANAGED_MODEL_BASED_3D_ENGINEERING_MIM_LF { 1 0 10303 442 1 1 4 }'));
ENDSEC;

DATA;
#10=SHAPE_REPRESENTATION_RELATIONSHIP('','',#1807,#11);
#11=ADVANCED_BREP_SHAPE_REPRESENTATION('',(#1805),#2941);
#12=CYLINDRICAL_SURFACE('',#1824,0.00085);
#13=CYLINDRICAL_SURFACE('',#1827,0.00085);
#14=CYLINDRICAL_SURFACE('',#1830,0.00085);
#15=CYLINDRICAL_SURFACE('',#1865,0.001);
#16=CYLINDRICAL_SURFACE('',#1867,0.001);
#17=CYLINDRICAL_SURFACE('',#1869,0.001);
#18=CYLINDRICAL_SURFACE('',#1872,0.001);
#19=CYLINDRICAL_SURFACE('',#1882,0.004);
#20=CYLINDRICAL_SURFACE('',#1884,0.004);
#21=CYLINDRICAL_SURFACE('',#1898,0.005);
#22=CYLINDRICAL_SURFACE('',#1899,0.005);
#23=CYLINDRICAL_SURFACE('',#1900,0.005);
#24=CYLINDRICAL_SURFACE('',#1908,0.003);
#25=CYLINDRICAL_SURFACE('',#1913,0.003);
#26=CYLINDRICAL_SURFACE('',#1920,0.003);
#27=CYLINDRICAL_SURFACE('',#1923,0.002);
#28=CYLINDRICAL_SURFACE('',#1924,0.002);
#29=CYLINDRICAL_SURFACE('',#1925,0.002);
#30=CYLINDRICAL_SURFACE('',#1926,0.002);
#31=CYLINDRICAL_SURFACE('',#1937,0.001);
#32=CYLINDRICAL_SURFACE('',#1939,0.001);
#33=CYLINDRICAL_SURFACE('',#1941,0.001);
#34=CYLINDRICAL_SURFACE('',#1944,0.001);
#35=CIRCLE('',#1811,0.004);
#36=CIRCLE('',#1812,0.004);
#37=CIRCLE('',#1814,0.001);
#38=CIRCLE('',#1815,0.001);
#39=CIRCLE('',#1816,0.001);
#40=CIRCLE('',#1817,0.001);
#41=CIRCLE('',#1820,0.001);
#42=CIRCLE('',#1821,0.001);
#43=CIRCLE('',#1822,0.001);
#44=CIRCLE('',#1823,0.001);
#45=CIRCLE('',#1825,0.00085);
#46=CIRCLE('',#1826,0.00085);
#47=CIRCLE('',#1828,0.00085);
#48=CIRCLE('',#1829,0.00085);
#49=CIRCLE('',#1831,0.00085);
#50=CIRCLE('',#1832,0.00085);
#51=CIRCLE('',#1837,0.001);
#52=CIRCLE('',#1838,0.001);
#53=CIRCLE('',#1839,0.001);
#54=CIRCLE('',#1840,0.001);
#55=CIRCLE('',#1843,0.002);
#56=CIRCLE('',#1844,0.005);
#57=CIRCLE('',#1845,0.002);
#58=CIRCLE('',#1846,0.005);
#59=CIRCLE('',#1847,0.002);
#60=CIRCLE('',#1848,0.003);
#61=CIRCLE('',#1849,0.003);
#62=CIRCLE('',#1850,0.003);
#63=CIRCLE('',#1851,0.002);
#64=CIRCLE('',#1852,0.005);
#65=CIRCLE('',#1854,0.004);
#66=CIRCLE('',#1855,0.004);
#67=CIRCLE('',#1887,0.001);
#68=CIRCLE('',#1888,0.001);
#69=CIRCLE('',#1889,0.001);
#70=CIRCLE('',#1890,0.001);
#71=CIRCLE('',#1891,0.002);
#72=CIRCLE('',#1892,0.005);
#73=CIRCLE('',#1893,0.002);
#74=CIRCLE('',#1894,0.002);
#75=CIRCLE('',#1895,0.005);
#76=CIRCLE('',#1896,0.002);
#77=CIRCLE('',#1897,0.005);
#78=CIRCLE('',#1902,0.003);
#79=CIRCLE('',#1904,0.003);
#80=CIRCLE('',#1905,0.003);
#81=ORIENTED_EDGE('',*,*,#589,.T.);
#82=ORIENTED_EDGE('',*,*,#590,.F.);
#83=ORIENTED_EDGE('',*,*,#591,.F.);
#84=ORIENTED_EDGE('',*,*,#592,.T.);
#85=ORIENTED_EDGE('',*,*,#593,.F.);
#86=ORIENTED_EDGE('',*,*,#594,.F.);
#87=ORIENTED_EDGE('',*,*,#595,.T.);
#88=ORIENTED_EDGE('',*,*,#596,.T.);
#89=ORIENTED_EDGE('',*,*,#597,.F.);
#90=ORIENTED_EDGE('',*,*,#598,.T.);
#91=ORIENTED_EDGE('',*,*,#599,.T.);
#92=ORIENTED_EDGE('',*,*,#600,.F.);
#93=ORIENTED_EDGE('',*,*,#601,.F.);
#94=ORIENTED_EDGE('',*,*,#602,.F.);
#95=ORIENTED_EDGE('',*,*,#603,.T.);
#96=ORIENTED_EDGE('',*,*,#604,.F.);
#97=ORIENTED_EDGE('',*,*,#605,.F.);
#98=ORIENTED_EDGE('',*,*,#606,.T.);
#99=ORIENTED_EDGE('',*,*,#607,.F.);
#100=ORIENTED_EDGE('',*,*,#608,.T.);
#101=ORIENTED_EDGE('',*,*,#609,.T.);
#102=ORIENTED_EDGE('',*,*,#601,.T.);
#103=ORIENTED_EDGE('',*,*,#610,.F.);
#104=ORIENTED_EDGE('',*,*,#611,.F.);
#105=ORIENTED_EDGE('',*,*,#612,.F.);
#106=ORIENTED_EDGE('',*,*,#613,.F.);
#107=ORIENTED_EDGE('',*,*,#614,.F.);
#108=ORIENTED_EDGE('',*,*,#615,.F.);
#109=ORIENTED_EDGE('',*,*,#616,.F.);
#110=ORIENTED_EDGE('',*,*,#617,.T.);
#111=ORIENTED_EDGE('',*,*,#618,.F.);
#112=ORIENTED_EDGE('',*,*,#604,.T.);
#113=ORIENTED_EDGE('',*,*,#619,.F.);
#114=ORIENTED_EDGE('',*,*,#620,.T.);
#115=ORIENTED_EDGE('',*,*,#621,.F.);
#116=ORIENTED_EDGE('',*,*,#622,.F.);
#117=ORIENTED_EDGE('',*,*,#623,.T.);
#118=ORIENTED_EDGE('',*,*,#624,.F.);
#119=ORIENTED_EDGE('',*,*,#625,.T.);
#120=ORIENTED_EDGE('',*,*,#626,.T.);
#121=ORIENTED_EDGE('',*,*,#627,.T.);
#122=ORIENTED_EDGE('',*,*,#628,.T.);
#123=ORIENTED_EDGE('',*,*,#629,.T.);
#124=ORIENTED_EDGE('',*,*,#630,.T.);
#125=ORIENTED_EDGE('',*,*,#631,.F.);
#126=ORIENTED_EDGE('',*,*,#632,.T.);
#127=ORIENTED_EDGE('',*,*,#633,.T.);
#128=ORIENTED_EDGE('',*,*,#611,.T.);
#129=ORIENTED_EDGE('',*,*,#634,.F.);
#130=ORIENTED_EDGE('',*,*,#635,.F.);
#131=ORIENTED_EDGE('',*,*,#636,.T.);
#132=ORIENTED_EDGE('',*,*,#606,.F.);
#133=ORIENTED_EDGE('',*,*,#637,.T.);
#134=ORIENTED_EDGE('',*,*,#624,.T.);
#135=ORIENTED_EDGE('',*,*,#638,.T.);
#136=ORIENTED_EDGE('',*,*,#595,.F.);
#137=ORIENTED_EDGE('',*,*,#639,.F.);
#138=ORIENTED_EDGE('',*,*,#640,.F.);
#139=ORIENTED_EDGE('',*,*,#641,.T.);
#140=ORIENTED_EDGE('',*,*,#642,.T.);
#141=ORIENTED_EDGE('',*,*,#643,.T.);
#142=ORIENTED_EDGE('',*,*,#644,.T.);
#143=ORIENTED_EDGE('',*,*,#645,.T.);
#144=ORIENTED_EDGE('',*,*,#646,.T.);
#145=ORIENTED_EDGE('',*,*,#647,.T.);
#146=ORIENTED_EDGE('',*,*,#648,.F.);
#147=ORIENTED_EDGE('',*,*,#649,.T.);
#148=ORIENTED_EDGE('',*,*,#650,.F.);
#149=ORIENTED_EDGE('',*,*,#621,.T.);
#150=ORIENTED_EDGE('',*,*,#651,.T.);
#151=ORIENTED_EDGE('',*,*,#598,.F.);
#152=ORIENTED_EDGE('',*,*,#652,.F.);
#153=ORIENTED_EDGE('',*,*,#653,.F.);
#154=ORIENTED_EDGE('',*,*,#654,.F.);
#155=ORIENTED_EDGE('',*,*,#655,.F.);
#156=ORIENTED_EDGE('',*,*,#656,.F.);
#157=ORIENTED_EDGE('',*,*,#657,.F.);
#158=ORIENTED_EDGE('',*,*,#658,.F.);
#159=ORIENTED_EDGE('',*,*,#659,.T.);
#160=ORIENTED_EDGE('',*,*,#660,.T.);
#161=ORIENTED_EDGE('',*,*,#661,.F.);
#162=ORIENTED_EDGE('',*,*,#662,.F.);
#163=ORIENTED_EDGE('',*,*,#663,.T.);
#164=ORIENTED_EDGE('',*,*,#664,.T.);
#165=ORIENTED_EDGE('',*,*,#665,.T.);
#166=ORIENTED_EDGE('',*,*,#666,.T.);
#167=ORIENTED_EDGE('',*,*,#667,.T.);
#168=ORIENTED_EDGE('',*,*,#668,.T.);
#169=ORIENTED_EDGE('',*,*,#669,.F.);
#170=ORIENTED_EDGE('',*,*,#670,.F.);
#171=ORIENTED_EDGE('',*,*,#671,.T.);
#172=ORIENTED_EDGE('',*,*,#672,.T.);
#173=ORIENTED_EDGE('',*,*,#673,.F.);
#174=ORIENTED_EDGE('',*,*,#674,.T.);
#175=ORIENTED_EDGE('',*,*,#675,.F.);
#176=ORIENTED_EDGE('',*,*,#676,.T.);
#177=ORIENTED_EDGE('',*,*,#677,.T.);
#178=ORIENTED_EDGE('',*,*,#678,.T.);
#179=ORIENTED_EDGE('',*,*,#679,.F.);
#180=ORIENTED_EDGE('',*,*,#680,.F.);
#181=ORIENTED_EDGE('',*,*,#681,.F.);
#182=ORIENTED_EDGE('',*,*,#682,.T.);
#183=ORIENTED_EDGE('',*,*,#683,.F.);
#184=ORIENTED_EDGE('',*,*,#684,.T.);
#185=ORIENTED_EDGE('',*,*,#685,.F.);
#186=ORIENTED_EDGE('',*,*,#686,.F.);
#187=ORIENTED_EDGE('',*,*,#687,.F.);
#188=ORIENTED_EDGE('',*,*,#688,.T.);
#189=ORIENTED_EDGE('',*,*,#689,.T.);
#190=ORIENTED_EDGE('',*,*,#690,.T.);
#191=ORIENTED_EDGE('',*,*,#691,.F.);
#192=ORIENTED_EDGE('',*,*,#692,.T.);
#193=ORIENTED_EDGE('',*,*,#687,.T.);
#194=ORIENTED_EDGE('',*,*,#693,.F.);
#195=ORIENTED_EDGE('',*,*,#669,.T.);
#196=ORIENTED_EDGE('',*,*,#694,.T.);
#197=ORIENTED_EDGE('',*,*,#675,.T.);
#198=ORIENTED_EDGE('',*,*,#695,.F.);
#199=ORIENTED_EDGE('',*,*,#661,.T.);
#200=ORIENTED_EDGE('',*,*,#696,.T.);
#201=ORIENTED_EDGE('',*,*,#697,.F.);
#202=ORIENTED_EDGE('',*,*,#698,.F.);
#203=ORIENTED_EDGE('',*,*,#699,.F.);
#204=ORIENTED_EDGE('',*,*,#700,.T.);
#205=ORIENTED_EDGE('',*,*,#701,.F.);
#206=ORIENTED_EDGE('',*,*,#702,.T.);
#207=ORIENTED_EDGE('',*,*,#703,.T.);
#208=ORIENTED_EDGE('',*,*,#704,.T.);
#209=ORIENTED_EDGE('',*,*,#705,.T.);
#210=ORIENTED_EDGE('',*,*,#706,.F.);
#211=ORIENTED_EDGE('',*,*,#707,.T.);
#212=ORIENTED_EDGE('',*,*,#708,.T.);
#213=ORIENTED_EDGE('',*,*,#709,.T.);
#214=ORIENTED_EDGE('',*,*,#710,.F.);
#215=ORIENTED_EDGE('',*,*,#711,.F.);
#216=ORIENTED_EDGE('',*,*,#712,.F.);
#217=ORIENTED_EDGE('',*,*,#713,.T.);
#218=ORIENTED_EDGE('',*,*,#714,.F.);
#219=ORIENTED_EDGE('',*,*,#715,.F.);
#220=ORIENTED_EDGE('',*,*,#716,.T.);
#221=ORIENTED_EDGE('',*,*,#717,.F.);
#222=ORIENTED_EDGE('',*,*,#718,.T.);
#223=ORIENTED_EDGE('',*,*,#671,.F.);
#224=ORIENTED_EDGE('',*,*,#719,.T.);
#225=ORIENTED_EDGE('',*,*,#720,.F.);
#226=ORIENTED_EDGE('',*,*,#721,.T.);
#227=ORIENTED_EDGE('',*,*,#717,.T.);
#228=ORIENTED_EDGE('',*,*,#722,.T.);
#229=ORIENTED_EDGE('',*,*,#723,.F.);
#230=ORIENTED_EDGE('',*,*,#724,.F.);
#231=ORIENTED_EDGE('',*,*,#725,.F.);
#232=ORIENTED_EDGE('',*,*,#726,.F.);
#233=ORIENTED_EDGE('',*,*,#697,.T.);
#234=ORIENTED_EDGE('',*,*,#727,.T.);
#235=ORIENTED_EDGE('',*,*,#728,.F.);
#236=ORIENTED_EDGE('',*,*,#729,.T.);
#237=ORIENTED_EDGE('',*,*,#691,.T.);
#238=ORIENTED_EDGE('',*,*,#730,.F.);
#239=ORIENTED_EDGE('',*,*,#731,.T.);
#240=ORIENTED_EDGE('',*,*,#732,.T.);
#241=ORIENTED_EDGE('',*,*,#733,.T.);
#242=ORIENTED_EDGE('',*,*,#734,.T.);
#243=ORIENTED_EDGE('',*,*,#735,.T.);
#244=ORIENTED_EDGE('',*,*,#736,.T.);
#245=ORIENTED_EDGE('',*,*,#737,.F.);
#246=ORIENTED_EDGE('',*,*,#640,.T.);
#247=ORIENTED_EDGE('',*,*,#737,.T.);
#248=ORIENTED_EDGE('',*,*,#738,.T.);
#249=ORIENTED_EDGE('',*,*,#739,.F.);
#250=ORIENTED_EDGE('',*,*,#641,.F.);
#251=ORIENTED_EDGE('',*,*,#739,.T.);
#252=ORIENTED_EDGE('',*,*,#740,.T.);
#253=ORIENTED_EDGE('',*,*,#741,.F.);
#254=ORIENTED_EDGE('',*,*,#642,.F.);
#255=ORIENTED_EDGE('',*,*,#741,.T.);
#256=ORIENTED_EDGE('',*,*,#742,.T.);
#257=ORIENTED_EDGE('',*,*,#735,.F.);
#258=ORIENTED_EDGE('',*,*,#639,.T.);
#259=ORIENTED_EDGE('',*,*,#743,.F.);
#260=ORIENTED_EDGE('',*,*,#738,.F.);
#261=ORIENTED_EDGE('',*,*,#744,.F.);
#262=ORIENTED_EDGE('',*,*,#666,.F.);
#263=ORIENTED_EDGE('',*,*,#744,.T.);
#264=ORIENTED_EDGE('',*,*,#736,.F.);
#265=ORIENTED_EDGE('',*,*,#745,.F.);
#266=ORIENTED_EDGE('',*,*,#663,.F.);
#267=ORIENTED_EDGE('',*,*,#743,.T.);
#268=ORIENTED_EDGE('',*,*,#665,.F.);
#269=ORIENTED_EDGE('',*,*,#746,.F.);
#270=ORIENTED_EDGE('',*,*,#740,.F.);
#271=ORIENTED_EDGE('',*,*,#745,.T.);
#272=ORIENTED_EDGE('',*,*,#742,.F.);
#273=ORIENTED_EDGE('',*,*,#746,.T.);
#274=ORIENTED_EDGE('',*,*,#664,.F.);
#275=ORIENTED_EDGE('',*,*,#747,.T.);
#276=ORIENTED_EDGE('',*,*,#679,.T.);
#277=ORIENTED_EDGE('',*,*,#748,.F.);
#278=ORIENTED_EDGE('',*,*,#628,.F.);
#279=ORIENTED_EDGE('',*,*,#748,.T.);
#280=ORIENTED_EDGE('',*,*,#686,.T.);
#281=ORIENTED_EDGE('',*,*,#749,.F.);
#282=ORIENTED_EDGE('',*,*,#629,.F.);
#283=ORIENTED_EDGE('',*,*,#749,.T.);
#284=ORIENTED_EDGE('',*,*,#685,.T.);
#285=ORIENTED_EDGE('',*,*,#750,.F.);
#286=ORIENTED_EDGE('',*,*,#630,.F.);
#287=ORIENTED_EDGE('',*,*,#631,.T.);
#288=ORIENTED_EDGE('',*,*,#750,.T.);
#289=ORIENTED_EDGE('',*,*,#684,.F.);
#290=ORIENTED_EDGE('',*,*,#751,.F.);
#291=ORIENTED_EDGE('',*,*,#751,.T.);
#292=ORIENTED_EDGE('',*,*,#683,.T.);
#293=ORIENTED_EDGE('',*,*,#752,.F.);
#294=ORIENTED_EDGE('',*,*,#753,.F.);
#295=ORIENTED_EDGE('',*,*,#632,.F.);
#296=ORIENTED_EDGE('',*,*,#754,.T.);
#297=ORIENTED_EDGE('',*,*,#680,.T.);
#298=ORIENTED_EDGE('',*,*,#747,.F.);
#299=ORIENTED_EDGE('',*,*,#627,.F.);
#300=ORIENTED_EDGE('',*,*,#755,.F.);
#301=ORIENTED_EDGE('',*,*,#752,.T.);
#302=ORIENTED_EDGE('',*,*,#682,.F.);
#303=ORIENTED_EDGE('',*,*,#756,.F.);
#304=ORIENTED_EDGE('',*,*,#757,.T.);
#305=ORIENTED_EDGE('',*,*,#756,.T.);
#306=ORIENTED_EDGE('',*,*,#681,.T.);
#307=ORIENTED_EDGE('',*,*,#754,.F.);
#308=ORIENTED_EDGE('',*,*,#626,.F.);
#309=ORIENTED_EDGE('',*,*,#758,.T.);
#310=ORIENTED_EDGE('',*,*,#759,.T.);
#311=ORIENTED_EDGE('',*,*,#760,.F.);
#312=ORIENTED_EDGE('',*,*,#592,.F.);
#313=ORIENTED_EDGE('',*,*,#761,.T.);
#314=ORIENTED_EDGE('',*,*,#762,.T.);
#315=ORIENTED_EDGE('',*,*,#758,.F.);
#316=ORIENTED_EDGE('',*,*,#591,.T.);
#317=ORIENTED_EDGE('',*,*,#760,.T.);
#318=ORIENTED_EDGE('',*,*,#763,.T.);
#319=ORIENTED_EDGE('',*,*,#764,.F.);
#320=ORIENTED_EDGE('',*,*,#589,.F.);
#321=ORIENTED_EDGE('',*,*,#764,.T.);
#322=ORIENTED_EDGE('',*,*,#765,.T.);
#323=ORIENTED_EDGE('',*,*,#761,.F.);
#324=ORIENTED_EDGE('',*,*,#590,.T.);
#325=ORIENTED_EDGE('',*,*,#766,.F.);
#326=ORIENTED_EDGE('',*,*,#765,.F.);
#327=ORIENTED_EDGE('',*,*,#767,.F.);
#328=ORIENTED_EDGE('',*,*,#734,.F.);
#329=ORIENTED_EDGE('',*,*,#767,.T.);
#330=ORIENTED_EDGE('',*,*,#763,.F.);
#331=ORIENTED_EDGE('',*,*,#768,.F.);
#332=ORIENTED_EDGE('',*,*,#731,.F.);
#333=ORIENTED_EDGE('',*,*,#766,.T.);
#334=ORIENTED_EDGE('',*,*,#733,.F.);
#335=ORIENTED_EDGE('',*,*,#769,.F.);
#336=ORIENTED_EDGE('',*,*,#762,.F.);
#337=ORIENTED_EDGE('',*,*,#768,.T.);
#338=ORIENTED_EDGE('',*,*,#759,.F.);
#339=ORIENTED_EDGE('',*,*,#769,.T.);
#340=ORIENTED_EDGE('',*,*,#732,.F.);
#341=ORIENTED_EDGE('',*,*,#770,.F.);
#342=ORIENTED_EDGE('',*,*,#617,.F.);
#343=ORIENTED_EDGE('',*,*,#771,.T.);
#344=ORIENTED_EDGE('',*,*,#722,.F.);
#345=ORIENTED_EDGE('',*,*,#716,.F.);
#346=ORIENTED_EDGE('',*,*,#772,.F.);
#347=ORIENTED_EDGE('',*,*,#616,.T.);
#348=ORIENTED_EDGE('',*,*,#773,.T.);
#349=ORIENTED_EDGE('',*,*,#723,.T.);
#350=ORIENTED_EDGE('',*,*,#771,.F.);
#351=ORIENTED_EDGE('',*,*,#615,.T.);
#352=ORIENTED_EDGE('',*,*,#774,.T.);
#353=ORIENTED_EDGE('',*,*,#724,.T.);
#354=ORIENTED_EDGE('',*,*,#773,.F.);
#355=ORIENTED_EDGE('',*,*,#614,.T.);
#356=ORIENTED_EDGE('',*,*,#775,.T.);
#357=ORIENTED_EDGE('',*,*,#725,.T.);
#358=ORIENTED_EDGE('',*,*,#774,.F.);
#359=ORIENTED_EDGE('',*,*,#776,.T.);
#360=ORIENTED_EDGE('',*,*,#777,.T.);
#361=ORIENTED_EDGE('',*,*,#698,.T.);
#362=ORIENTED_EDGE('',*,*,#726,.T.);
#363=ORIENTED_EDGE('',*,*,#775,.F.);
#364=ORIENTED_EDGE('',*,*,#613,.T.);
#365=ORIENTED_EDGE('',*,*,#778,.F.);
#366=ORIENTED_EDGE('',*,*,#779,.F.);
#367=ORIENTED_EDGE('',*,*,#780,.F.);
#368=ORIENTED_EDGE('',*,*,#781,.T.);
#369=ORIENTED_EDGE('',*,*,#782,.F.);
#370=ORIENTED_EDGE('',*,*,#783,.T.);
#371=ORIENTED_EDGE('',*,*,#784,.F.);
#372=ORIENTED_EDGE('',*,*,#785,.F.);
#373=ORIENTED_EDGE('',*,*,#657,.T.);
#374=ORIENTED_EDGE('',*,*,#655,.T.);
#375=ORIENTED_EDGE('',*,*,#653,.T.);
#376=ORIENTED_EDGE('',*,*,#689,.F.);
#377=ORIENTED_EDGE('',*,*,#786,.T.);
#378=ORIENTED_EDGE('',*,*,#728,.T.);
#379=ORIENTED_EDGE('',*,*,#787,.F.);
#380=ORIENTED_EDGE('',*,*,#673,.T.);
#381=ORIENTED_EDGE('',*,*,#788,.T.);
#382=ORIENTED_EDGE('',*,*,#720,.T.);
#383=ORIENTED_EDGE('',*,*,#789,.T.);
#384=ORIENTED_EDGE('',*,*,#659,.F.);
#385=ORIENTED_EDGE('',*,*,#790,.T.);
#386=ORIENTED_EDGE('',*,*,#677,.F.);
#387=ORIENTED_EDGE('',*,*,#791,.T.);
#388=ORIENTED_EDGE('',*,*,#667,.F.);
#389=ORIENTED_EDGE('',*,*,#792,.T.);
#390=ORIENTED_EDGE('',*,*,#674,.F.);
#391=ORIENTED_EDGE('',*,*,#787,.T.);
#392=ORIENTED_EDGE('',*,*,#730,.T.);
#393=ORIENTED_EDGE('',*,*,#719,.F.);
#394=ORIENTED_EDGE('',*,*,#792,.F.);
#395=ORIENTED_EDGE('',*,*,#670,.T.);
#396=ORIENTED_EDGE('',*,*,#693,.T.);
#397=ORIENTED_EDGE('',*,*,#690,.F.);
#398=ORIENTED_EDGE('',*,*,#790,.F.);
#399=ORIENTED_EDGE('',*,*,#662,.T.);
#400=ORIENTED_EDGE('',*,*,#695,.T.);
#401=ORIENTED_EDGE('',*,*,#678,.F.);
#402=ORIENTED_EDGE('',*,*,#654,.T.);
#403=ORIENTED_EDGE('',*,*,#753,.T.);
#404=ORIENTED_EDGE('',*,*,#793,.F.);
#405=ORIENTED_EDGE('',*,*,#794,.F.);
#406=ORIENTED_EDGE('',*,*,#795,.F.);
#407=ORIENTED_EDGE('',*,*,#796,.T.);
#408=ORIENTED_EDGE('',*,*,#797,.F.);
#409=ORIENTED_EDGE('',*,*,#798,.T.);
#410=ORIENTED_EDGE('',*,*,#776,.F.);
#411=ORIENTED_EDGE('',*,*,#612,.T.);
#412=ORIENTED_EDGE('',*,*,#633,.F.);
#413=ORIENTED_EDGE('',*,*,#625,.F.);
#414=ORIENTED_EDGE('',*,*,#637,.F.);
#415=ORIENTED_EDGE('',*,*,#605,.T.);
#416=ORIENTED_EDGE('',*,*,#618,.T.);
#417=ORIENTED_EDGE('',*,*,#770,.T.);
#418=ORIENTED_EDGE('',*,*,#799,.T.);
#419=ORIENTED_EDGE('',*,*,#800,.T.);
#420=ORIENTED_EDGE('',*,*,#801,.F.);
#421=ORIENTED_EDGE('',*,*,#802,.T.);
#422=ORIENTED_EDGE('',*,*,#803,.T.);
#423=ORIENTED_EDGE('',*,*,#804,.T.);
#424=ORIENTED_EDGE('',*,*,#805,.F.);
#425=ORIENTED_EDGE('',*,*,#806,.F.);
#426=ORIENTED_EDGE('',*,*,#807,.F.);
#427=ORIENTED_EDGE('',*,*,#808,.T.);
#428=ORIENTED_EDGE('',*,*,#809,.F.);
#429=ORIENTED_EDGE('',*,*,#810,.F.);
#430=ORIENTED_EDGE('',*,*,#757,.F.);
#431=ORIENTED_EDGE('',*,*,#658,.T.);
#432=ORIENTED_EDGE('',*,*,#656,.T.);
#433=ORIENTED_EDGE('',*,*,#709,.F.);
#434=ORIENTED_EDGE('',*,*,#811,.F.);
#435=ORIENTED_EDGE('',*,*,#805,.T.);
#436=ORIENTED_EDGE('',*,*,#812,.T.);
#437=ORIENTED_EDGE('',*,*,#708,.F.);
#438=ORIENTED_EDGE('',*,*,#813,.F.);
#439=ORIENTED_EDGE('',*,*,#806,.T.);
#440=ORIENTED_EDGE('',*,*,#811,.T.);
#441=ORIENTED_EDGE('',*,*,#707,.F.);
#442=ORIENTED_EDGE('',*,*,#814,.F.);
#443=ORIENTED_EDGE('',*,*,#807,.T.);
#444=ORIENTED_EDGE('',*,*,#813,.T.);
#445=ORIENTED_EDGE('',*,*,#706,.T.);
#446=ORIENTED_EDGE('',*,*,#815,.F.);
#447=ORIENTED_EDGE('',*,*,#808,.F.);
#448=ORIENTED_EDGE('',*,*,#814,.T.);
#449=ORIENTED_EDGE('',*,*,#705,.F.);
#450=ORIENTED_EDGE('',*,*,#816,.F.);
#451=ORIENTED_EDGE('',*,*,#809,.T.);
#452=ORIENTED_EDGE('',*,*,#815,.T.);
#453=ORIENTED_EDGE('',*,*,#704,.F.);
#454=ORIENTED_EDGE('',*,*,#817,.F.);
#455=ORIENTED_EDGE('',*,*,#793,.T.);
#456=ORIENTED_EDGE('',*,*,#755,.T.);
#457=ORIENTED_EDGE('',*,*,#810,.T.);
#458=ORIENTED_EDGE('',*,*,#816,.T.);
#459=ORIENTED_EDGE('',*,*,#703,.F.);
#460=ORIENTED_EDGE('',*,*,#818,.F.);
#461=ORIENTED_EDGE('',*,*,#794,.T.);
#462=ORIENTED_EDGE('',*,*,#817,.T.);
#463=ORIENTED_EDGE('',*,*,#702,.F.);
#464=ORIENTED_EDGE('',*,*,#819,.F.);
#465=ORIENTED_EDGE('',*,*,#795,.T.);
#466=ORIENTED_EDGE('',*,*,#818,.T.);
#467=ORIENTED_EDGE('',*,*,#701,.T.);
#468=ORIENTED_EDGE('',*,*,#820,.F.);
#469=ORIENTED_EDGE('',*,*,#796,.F.);
#470=ORIENTED_EDGE('',*,*,#819,.T.);
#471=ORIENTED_EDGE('',*,*,#700,.F.);
#472=ORIENTED_EDGE('',*,*,#821,.F.);
#473=ORIENTED_EDGE('',*,*,#797,.T.);
#474=ORIENTED_EDGE('',*,*,#820,.T.);
#475=ORIENTED_EDGE('',*,*,#699,.T.);
#476=ORIENTED_EDGE('',*,*,#777,.F.);
#477=ORIENTED_EDGE('',*,*,#798,.F.);
#478=ORIENTED_EDGE('',*,*,#821,.T.);
#479=ORIENTED_EDGE('',*,*,#715,.T.);
#480=ORIENTED_EDGE('',*,*,#822,.F.);
#481=ORIENTED_EDGE('',*,*,#799,.F.);
#482=ORIENTED_EDGE('',*,*,#772,.T.);
#483=ORIENTED_EDGE('',*,*,#714,.T.);
#484=ORIENTED_EDGE('',*,*,#823,.F.);
#485=ORIENTED_EDGE('',*,*,#800,.F.);
#486=ORIENTED_EDGE('',*,*,#822,.T.);
#487=ORIENTED_EDGE('',*,*,#713,.F.);
#488=ORIENTED_EDGE('',*,*,#824,.F.);
#489=ORIENTED_EDGE('',*,*,#801,.T.);
#490=ORIENTED_EDGE('',*,*,#823,.T.);
#491=ORIENTED_EDGE('',*,*,#712,.T.);
#492=ORIENTED_EDGE('',*,*,#825,.F.);
#493=ORIENTED_EDGE('',*,*,#802,.F.);
#494=ORIENTED_EDGE('',*,*,#824,.T.);
#495=ORIENTED_EDGE('',*,*,#711,.T.);
#496=ORIENTED_EDGE('',*,*,#826,.F.);
#497=ORIENTED_EDGE('',*,*,#803,.F.);
#498=ORIENTED_EDGE('',*,*,#825,.T.);
#499=ORIENTED_EDGE('',*,*,#710,.T.);
#500=ORIENTED_EDGE('',*,*,#812,.F.);
#501=ORIENTED_EDGE('',*,*,#804,.F.);
#502=ORIENTED_EDGE('',*,*,#826,.T.);
#503=ORIENTED_EDGE('',*,*,#692,.F.);
#504=ORIENTED_EDGE('',*,*,#729,.F.);
#505=ORIENTED_EDGE('',*,*,#786,.F.);
#506=ORIENTED_EDGE('',*,*,#688,.F.);
#507=ORIENTED_EDGE('',*,*,#718,.F.);
#508=ORIENTED_EDGE('',*,*,#721,.F.);
#509=ORIENTED_EDGE('',*,*,#788,.F.);
#510=ORIENTED_EDGE('',*,*,#672,.F.);
#511=ORIENTED_EDGE('',*,*,#694,.F.);
#512=ORIENTED_EDGE('',*,*,#668,.F.);
#513=ORIENTED_EDGE('',*,*,#791,.F.);
#514=ORIENTED_EDGE('',*,*,#676,.F.);
#515=ORIENTED_EDGE('',*,*,#696,.F.);
#516=ORIENTED_EDGE('',*,*,#660,.F.);
#517=ORIENTED_EDGE('',*,*,#789,.F.);
#518=ORIENTED_EDGE('',*,*,#727,.F.);
#519=ORIENTED_EDGE('',*,*,#827,.F.);
#520=ORIENTED_EDGE('',*,*,#622,.T.);
#521=ORIENTED_EDGE('',*,*,#652,.T.);
#522=ORIENTED_EDGE('',*,*,#597,.T.);
#523=ORIENTED_EDGE('',*,*,#623,.F.);
#524=ORIENTED_EDGE('',*,*,#827,.T.);
#525=ORIENTED_EDGE('',*,*,#596,.F.);
#526=ORIENTED_EDGE('',*,*,#638,.F.);
#527=ORIENTED_EDGE('',*,*,#620,.F.);
#528=ORIENTED_EDGE('',*,*,#828,.T.);
#529=ORIENTED_EDGE('',*,*,#599,.F.);
#530=ORIENTED_EDGE('',*,*,#651,.F.);
#531=ORIENTED_EDGE('',*,*,#828,.F.);
#532=ORIENTED_EDGE('',*,*,#619,.T.);
#533=ORIENTED_EDGE('',*,*,#610,.T.);
#534=ORIENTED_EDGE('',*,*,#600,.T.);
#535=ORIENTED_EDGE('',*,*,#603,.F.);
#536=ORIENTED_EDGE('',*,*,#829,.F.);
#537=ORIENTED_EDGE('',*,*,#830,.T.);
#538=ORIENTED_EDGE('',*,*,#607,.T.);
#539=ORIENTED_EDGE('',*,*,#602,.T.);
#540=ORIENTED_EDGE('',*,*,#609,.F.);
#541=ORIENTED_EDGE('',*,*,#831,.F.);
#542=ORIENTED_EDGE('',*,*,#829,.T.);
#543=ORIENTED_EDGE('',*,*,#830,.F.);
#544=ORIENTED_EDGE('',*,*,#831,.T.);
#545=ORIENTED_EDGE('',*,*,#608,.F.);
#546=ORIENTED_EDGE('',*,*,#594,.T.);
#547=ORIENTED_EDGE('',*,*,#832,.F.);
#548=ORIENTED_EDGE('',*,*,#833,.F.);
#549=ORIENTED_EDGE('',*,*,#634,.T.);
#550=ORIENTED_EDGE('',*,*,#593,.T.);
#551=ORIENTED_EDGE('',*,*,#636,.F.);
#552=ORIENTED_EDGE('',*,*,#834,.F.);
#553=ORIENTED_EDGE('',*,*,#832,.T.);
#554=ORIENTED_EDGE('',*,*,#635,.T.);
#555=ORIENTED_EDGE('',*,*,#833,.T.);
#556=ORIENTED_EDGE('',*,*,#834,.T.);
#557=ORIENTED_EDGE('',*,*,#835,.T.);
#558=ORIENTED_EDGE('',*,*,#778,.T.);
#559=ORIENTED_EDGE('',*,*,#836,.F.);
#560=ORIENTED_EDGE('',*,*,#645,.F.);
#561=ORIENTED_EDGE('',*,*,#836,.T.);
#562=ORIENTED_EDGE('',*,*,#785,.T.);
#563=ORIENTED_EDGE('',*,*,#837,.F.);
#564=ORIENTED_EDGE('',*,*,#646,.F.);
#565=ORIENTED_EDGE('',*,*,#837,.T.);
#566=ORIENTED_EDGE('',*,*,#784,.T.);
#567=ORIENTED_EDGE('',*,*,#838,.F.);
#568=ORIENTED_EDGE('',*,*,#647,.F.);
#569=ORIENTED_EDGE('',*,*,#648,.T.);
#570=ORIENTED_EDGE('',*,*,#838,.T.);
#571=ORIENTED_EDGE('',*,*,#783,.F.);
#572=ORIENTED_EDGE('',*,*,#839,.F.);
#573=ORIENTED_EDGE('',*,*,#839,.T.);
#574=ORIENTED_EDGE('',*,*,#782,.T.);
#575=ORIENTED_EDGE('',*,*,#840,.F.);
#576=ORIENTED_EDGE('',*,*,#649,.F.);
#577=ORIENTED_EDGE('',*,*,#841,.T.);
#578=ORIENTED_EDGE('',*,*,#779,.T.);
#579=ORIENTED_EDGE('',*,*,#835,.F.);
#580=ORIENTED_EDGE('',*,*,#644,.F.);
#581=ORIENTED_EDGE('',*,*,#650,.T.);
#582=ORIENTED_EDGE('',*,*,#840,.T.);
#583=ORIENTED_EDGE('',*,*,#781,.F.);
#584=ORIENTED_EDGE('',*,*,#842,.F.);
#585=ORIENTED_EDGE('',*,*,#842,.T.);
#586=ORIENTED_EDGE('',*,*,#780,.T.);
#587=ORIENTED_EDGE('',*,*,#841,.F.);
#588=ORIENTED_EDGE('',*,*,#643,.F.);
#589=EDGE_CURVE('',#843,#844,#1011,.T.);
#590=EDGE_CURVE('',#845,#844,#1012,.T.);
#591=EDGE_CURVE('',#846,#845,#1013,.T.);
#592=EDGE_CURVE('',#846,#843,#1014,.T.);
#593=EDGE_CURVE('',#847,#848,#1015,.T.);
#594=EDGE_CURVE('',#849,#847,#1016,.T.);
#595=EDGE_CURVE('',#849,#850,#1017,.T.);
#596=EDGE_CURVE('',#850,#851,#1018,.T.);
#597=EDGE_CURVE('',#852,#851,#1019,.T.);
#598=EDGE_CURVE('',#852,#853,#1020,.T.);
#599=EDGE_CURVE('',#853,#854,#1021,.T.);
#600=EDGE_CURVE('',#855,#854,#1022,.T.);
#601=EDGE_CURVE('',#856,#855,#1023,.T.);
#602=EDGE_CURVE('',#857,#856,#1024,.T.);
#603=EDGE_CURVE('',#857,#858,#1025,.T.);
#604=EDGE_CURVE('',#859,#858,#1026,.T.);
#605=EDGE_CURVE('',#860,#859,#1027,.T.);
#606=EDGE_CURVE('',#860,#848,#1028,.T.);
#607=EDGE_CURVE('',#861,#858,#1029,.T.);
#608=EDGE_CURVE('',#861,#862,#1030,.T.);
#609=EDGE_CURVE('',#862,#856,#1031,.T.);
#610=EDGE_CURVE('',#863,#855,#1032,.T.);
#611=EDGE_CURVE('',#864,#863,#1033,.T.);
#612=EDGE_CURVE('',#865,#864,#1034,.T.);
#613=EDGE_CURVE('',#866,#865,#1035,.T.);
#614=EDGE_CURVE('',#867,#866,#35,.F.);
#615=EDGE_CURVE('',#868,#867,#1036,.T.);
#616=EDGE_CURVE('',#869,#868,#36,.F.);
#617=EDGE_CURVE('',#869,#870,#1037,.T.);
#618=EDGE_CURVE('',#859,#870,#1038,.T.);
#619=EDGE_CURVE('',#871,#863,#1039,.T.);
#620=EDGE_CURVE('',#871,#872,#1040,.T.);
#621=EDGE_CURVE('',#873,#872,#1041,.T.);
#622=EDGE_CURVE('',#874,#873,#1042,.T.);
#623=EDGE_CURVE('',#874,#875,#1043,.T.);
#624=EDGE_CURVE('',#876,#875,#1044,.T.);
#625=EDGE_CURVE('',#876,#877,#1045,.T.);
#626=EDGE_CURVE('',#877,#878,#37,.F.);
#627=EDGE_CURVE('',#878,#879,#1046,.T.);
#628=EDGE_CURVE('',#879,#880,#38,.F.);
#629=EDGE_CURVE('',#880,#881,#1047,.T.);
#630=EDGE_CURVE('',#881,#882,#39,.F.);
#631=EDGE_CURVE('',#883,#882,#1048,.T.);
#632=EDGE_CURVE('',#883,#884,#40,.F.);
#633=EDGE_CURVE('',#884,#864,#1049,.T.);
#634=EDGE_CURVE('',#885,#849,#1050,.T.);
#635=EDGE_CURVE('',#886,#885,#1051,.T.);
#636=EDGE_CURVE('',#886,#848,#1052,.T.);
#637=EDGE_CURVE('',#860,#876,#1053,.T.);
#638=EDGE_CURVE('',#875,#850,#1054,.T.);
#639=EDGE_CURVE('',#887,#888,#1055,.T.);
#640=EDGE_CURVE('',#889,#887,#1056,.T.);
#641=EDGE_CURVE('',#889,#890,#1057,.T.);
#642=EDGE_CURVE('',#890,#888,#1058,.T.);
#643=EDGE_CURVE('',#891,#892,#41,.F.);
#644=EDGE_CURVE('',#892,#893,#1059,.T.);
#645=EDGE_CURVE('',#893,#894,#42,.F.);
#646=EDGE_CURVE('',#894,#895,#1060,.T.);
#647=EDGE_CURVE('',#895,#896,#43,.F.);
#648=EDGE_CURVE('',#897,#896,#1061,.T.);
#649=EDGE_CURVE('',#897,#898,#44,.F.);
#650=EDGE_CURVE('',#891,#898,#1062,.T.);
#651=EDGE_CURVE('',#872,#853,#1063,.T.);
#652=EDGE_CURVE('',#873,#852,#1064,.T.);
#653=EDGE_CURVE('',#899,#899,#45,.F.);
#654=EDGE_CURVE('',#900,#900,#46,.F.);
#655=EDGE_CURVE('',#901,#901,#47,.F.);
#656=EDGE_CURVE('',#902,#902,#48,.F.);
#657=EDGE_CURVE('',#903,#903,#49,.F.);
#658=EDGE_CURVE('',#904,#904,#50,.F.);
#659=EDGE_CURVE('',#905,#906,#1065,.T.);
#660=EDGE_CURVE('',#906,#907,#1066,.F.);
#661=EDGE_CURVE('',#908,#907,#1067,.T.);
#662=EDGE_CURVE('',#905,#908,#1068,.T.);
#663=EDGE_CURVE('',#909,#910,#1069,.T.);
#664=EDGE_CURVE('',#910,#911,#1070,.T.);
#665=EDGE_CURVE('',#911,#912,#1071,.T.);
#666=EDGE_CURVE('',#912,#909,#1072,.T.);
#667=EDGE_CURVE('',#913,#914,#1073,.T.);
#668=EDGE_CURVE('',#914,#915,#1074,.F.);
#669=EDGE_CURVE('',#916,#915,#1075,.T.);
#670=EDGE_CURVE('',#913,#916,#1076,.T.);
#671=EDGE_CURVE('',#917,#918,#1077,.T.);
#672=EDGE_CURVE('',#918,#919,#1078,.T.);
#673=EDGE_CURVE('',#920,#919,#1079,.T.);
#674=EDGE_CURVE('',#920,#917,#1080,.T.);
#675=EDGE_CURVE('',#921,#922,#1081,.T.);
#676=EDGE_CURVE('',#921,#923,#1082,.T.);
#677=EDGE_CURVE('',#923,#924,#1083,.T.);
#678=EDGE_CURVE('',#924,#922,#1084,.T.);
#679=EDGE_CURVE('',#925,#926,#51,.T.);
#680=EDGE_CURVE('',#927,#925,#1085,.T.);
#681=EDGE_CURVE('',#928,#927,#52,.T.);
#682=EDGE_CURVE('',#928,#929,#1086,.T.);
#683=EDGE_CURVE('',#930,#929,#53,.T.);
#684=EDGE_CURVE('',#930,#931,#1087,.T.);
#685=EDGE_CURVE('',#932,#931,#54,.T.);
#686=EDGE_CURVE('',#926,#932,#1088,.T.);
#687=EDGE_CURVE('',#933,#934,#1089,.T.);
#688=EDGE_CURVE('',#933,#935,#1090,.T.);
#689=EDGE_CURVE('',#935,#936,#1091,.T.);
#690=EDGE_CURVE('',#936,#934,#1092,.T.);
#691=EDGE_CURVE('',#937,#938,#1093,.T.);
#692=EDGE_CURVE('',#937,#933,#55,.T.);
#693=EDGE_CURVE('',#916,#934,#56,.T.);
#694=EDGE_CURVE('',#915,#921,#57,.T.);
#695=EDGE_CURVE('',#908,#922,#58,.T.);
#696=EDGE_CURVE('',#907,#939,#59,.T.);
#697=EDGE_CURVE('',#940,#939,#1094,.T.);
#698=EDGE_CURVE('',#941,#940,#1095,.T.);
#699=EDGE_CURVE('',#942,#941,#1096,.T.);
#700=EDGE_CURVE('',#942,#943,#1097,.T.);
#701=EDGE_CURVE('',#944,#943,#1098,.T.);
#702=EDGE_CURVE('',#944,#945,#60,.T.);
#703=EDGE_CURVE('',#945,#946,#1099,.T.);
#704=EDGE_CURVE('',#946,#947,#1100,.T.);
#705=EDGE_CURVE('',#947,#948,#1101,.T.);
#706=EDGE_CURVE('',#949,#948,#1102,.T.);
#707=EDGE_CURVE('',#949,#950,#61,.T.);
#708=EDGE_CURVE('',#950,#951,#1103,.T.);
#709=EDGE_CURVE('',#951,#952,#1104,.T.);
#710=EDGE_CURVE('',#953,#952,#1105,.T.);
#711=EDGE_CURVE('',#954,#953,#1106,.T.);
#712=EDGE_CURVE('',#955,#954,#62,.T.);
#713=EDGE_CURVE('',#955,#956,#1107,.T.);
#714=EDGE_CURVE('',#957,#956,#1108,.T.);
#715=EDGE_CURVE('',#958,#957,#1109,.T.);
#716=EDGE_CURVE('',#958,#959,#1110,.T.);
#717=EDGE_CURVE('',#960,#959,#1111,.T.);
#718=EDGE_CURVE('',#960,#918,#63,.T.);
#719=EDGE_CURVE('',#917,#938,#64,.T.);
#720=EDGE_CURVE('',#961,#962,#1112,.T.);
#721=EDGE_CURVE('',#961,#960,#1113,.F.);
#722=EDGE_CURVE('',#959,#963,#1114,.T.);
#723=EDGE_CURVE('',#964,#963,#65,.T.);
#724=EDGE_CURVE('',#965,#964,#1115,.T.);
#725=EDGE_CURVE('',#966,#965,#66,.T.);
#726=EDGE_CURVE('',#940,#966,#1116,.T.);
#727=EDGE_CURVE('',#939,#962,#1117,.T.);
#728=EDGE_CURVE('',#967,#968,#1118,.T.);
#729=EDGE_CURVE('',#967,#937,#1119,.F.);
#730=EDGE_CURVE('',#968,#938,#1120,.T.);
#731=EDGE_CURVE('',#969,#970,#1121,.T.);
#732=EDGE_CURVE('',#970,#971,#1122,.T.);
#733=EDGE_CURVE('',#971,#972,#1123,.T.);
#734=EDGE_CURVE('',#972,#969,#1124,.T.);
#735=EDGE_CURVE('',#887,#973,#1125,.T.);
#736=EDGE_CURVE('',#973,#974,#1126,.T.);
#737=EDGE_CURVE('',#889,#974,#1127,.T.);
#738=EDGE_CURVE('',#974,#975,#1128,.T.);
#739=EDGE_CURVE('',#890,#975,#1129,.T.);
#740=EDGE_CURVE('',#975,#976,#1130,.T.);
#741=EDGE_CURVE('',#888,#976,#1131,.T.);
#742=EDGE_CURVE('',#976,#973,#1132,.T.);
#743=EDGE_CURVE('',#975,#912,#1133,.T.);
#744=EDGE_CURVE('',#909,#974,#1134,.T.);
#745=EDGE_CURVE('',#910,#973,#1135,.F.);
#746=EDGE_CURVE('',#976,#911,#1136,.T.);
#747=EDGE_CURVE('',#879,#925,#1137,.T.);
#748=EDGE_CURVE('',#880,#926,#1138,.T.);
#749=EDGE_CURVE('',#881,#932,#1139,.T.);
#750=EDGE_CURVE('',#882,#931,#1140,.T.);
#751=EDGE_CURVE('',#883,#930,#1141,.T.);
#752=EDGE_CURVE('',#977,#929,#1142,.T.);
#753=EDGE_CURVE('',#884,#977,#1143,.T.);
#754=EDGE_CURVE('',#878,#927,#1144,.T.);
#755=EDGE_CURVE('',#977,#978,#1145,.T.);
#756=EDGE_CURVE('',#978,#928,#1146,.T.);
#757=EDGE_CURVE('',#877,#978,#1147,.T.);
#758=EDGE_CURVE('',#846,#979,#1148,.T.);
#759=EDGE_CURVE('',#979,#980,#1149,.T.);
#760=EDGE_CURVE('',#843,#980,#1150,.T.);
#761=EDGE_CURVE('',#845,#981,#1151,.T.);
#762=EDGE_CURVE('',#981,#979,#1152,.T.);
#763=EDGE_CURVE('',#980,#982,#1153,.T.);
#764=EDGE_CURVE('',#844,#982,#1154,.T.);
#765=EDGE_CURVE('',#982,#981,#1155,.T.);
#766=EDGE_CURVE('',#981,#972,#1156,.T.);
#767=EDGE_CURVE('',#969,#982,#1157,.T.);
#768=EDGE_CURVE('',#970,#980,#1158,.F.);
#769=EDGE_CURVE('',#979,#971,#1159,.T.);
#770=EDGE_CURVE('',#870,#983,#1160,.T.);
#771=EDGE_CURVE('',#869,#963,#1161,.T.);
#772=EDGE_CURVE('',#983,#958,#1162,.T.);
#773=EDGE_CURVE('',#868,#964,#1163,.T.);
#774=EDGE_CURVE('',#867,#965,#1164,.T.);
#775=EDGE_CURVE('',#866,#966,#1165,.T.);
#776=EDGE_CURVE('',#865,#984,#1166,.T.);
#777=EDGE_CURVE('',#984,#941,#1167,.T.);
#778=EDGE_CURVE('',#985,#986,#67,.T.);
#779=EDGE_CURVE('',#987,#985,#1168,.T.);
#780=EDGE_CURVE('',#988,#987,#68,.T.);
#781=EDGE_CURVE('',#988,#989,#1169,.T.);
#782=EDGE_CURVE('',#990,#989,#69,.T.);
#783=EDGE_CURVE('',#990,#991,#1170,.T.);
#784=EDGE_CURVE('',#992,#991,#70,.T.);
#785=EDGE_CURVE('',#986,#992,#1171,.T.);
#786=EDGE_CURVE('',#935,#967,#71,.T.);
#787=EDGE_CURVE('',#920,#968,#72,.F.);
#788=EDGE_CURVE('',#919,#961,#73,.T.);
#789=EDGE_CURVE('',#962,#906,#74,.T.);
#790=EDGE_CURVE('',#905,#924,#75,.T.);
#791=EDGE_CURVE('',#923,#914,#76,.T.);
#792=EDGE_CURVE('',#913,#936,#77,.T.);
#793=EDGE_CURVE('',#993,#977,#1172,.T.);
#794=EDGE_CURVE('',#994,#993,#1173,.T.);
#795=EDGE_CURVE('',#995,#994,#78,.T.);
#796=EDGE_CURVE('',#995,#996,#1174,.T.);
#797=EDGE_CURVE('',#997,#996,#1175,.T.);
#798=EDGE_CURVE('',#997,#984,#1176,.T.);
#799=EDGE_CURVE('',#983,#998,#1177,.T.);
#800=EDGE_CURVE('',#998,#999,#1178,.T.);
#801=EDGE_CURVE('',#1000,#999,#1179,.T.);
#802=EDGE_CURVE('',#1000,#1001,#79,.T.);
#803=EDGE_CURVE('',#1001,#1002,#1180,.T.);
#804=EDGE_CURVE('',#1002,#1003,#1181,.T.);
#805=EDGE_CURVE('',#1004,#1003,#1182,.T.);
#806=EDGE_CURVE('',#1005,#1004,#1183,.T.);
#807=EDGE_CURVE('',#1006,#1005,#80,.T.);
#808=EDGE_CURVE('',#1006,#1007,#1184,.T.);
#809=EDGE_CURVE('',#1008,#1007,#1185,.T.);
#810=EDGE_CURVE('',#978,#1008,#1186,.T.);
#811=EDGE_CURVE('',#1004,#951,#1187,.T.);
#812=EDGE_CURVE('',#1003,#952,#1188,.T.);
#813=EDGE_CURVE('',#1005,#950,#1189,.T.);
#814=EDGE_CURVE('',#1006,#949,#1190,.T.);
#815=EDGE_CURVE('',#1007,#948,#1191,.T.);
#816=EDGE_CURVE('',#1008,#947,#1192,.T.);
#817=EDGE_CURVE('',#993,#946,#1193,.T.);
#818=EDGE_CURVE('',#994,#945,#1194,.T.);
#819=EDGE_CURVE('',#995,#944,#1195,.T.);
#820=EDGE_CURVE('',#996,#943,#1196,.T.);
#821=EDGE_CURVE('',#997,#942,#1197,.T.);
#822=EDGE_CURVE('',#998,#957,#1198,.T.);
#823=EDGE_CURVE('',#999,#956,#1199,.T.);
#824=EDGE_CURVE('',#1000,#955,#1200,.T.);
#825=EDGE_CURVE('',#1001,#954,#1201,.T.);
#826=EDGE_CURVE('',#1002,#953,#1202,.T.);
#827=EDGE_CURVE('',#874,#851,#1203,.T.);
#828=EDGE_CURVE('',#871,#854,#1204,.T.);
#829=EDGE_CURVE('',#1009,#857,#1205,.T.);
#830=EDGE_CURVE('',#1009,#861,#1206,.T.);
#831=EDGE_CURVE('',#1009,#862,#1207,.T.);
#832=EDGE_CURVE('',#1010,#847,#1208,.T.);
#833=EDGE_CURVE('',#885,#1010,#1209,.T.);
#834=EDGE_CURVE('',#1010,#886,#1210,.T.);
#835=EDGE_CURVE('',#893,#985,#1211,.T.);
#836=EDGE_CURVE('',#894,#986,#1212,.T.);
#837=EDGE_CURVE('',#895,#992,#1213,.T.);
#838=EDGE_CURVE('',#896,#991,#1214,.T.);
#839=EDGE_CURVE('',#897,#990,#1215,.T.);
#840=EDGE_CURVE('',#898,#989,#1216,.T.);
#841=EDGE_CURVE('',#892,#987,#1217,.T.);
#842=EDGE_CURVE('',#891,#988,#1218,.T.);
#843=VERTEX_POINT('',#2430);
#844=VERTEX_POINT('',#2431);
#845=VERTEX_POINT('',#2433);
#846=VERTEX_POINT('',#2435);
#847=VERTEX_POINT('',#2438);
#848=VERTEX_POINT('',#2439);
#849=VERTEX_POINT('',#2441);
#850=VERTEX_POINT('',#2443);
#851=VERTEX_POINT('',#2445);
#852=VERTEX_POINT('',#2447);
#853=VERTEX_POINT('',#2449);
#854=VERTEX_POINT('',#2451);
#855=VERTEX_POINT('',#2453);
#856=VERTEX_POINT('',#2455);
#857=VERTEX_POINT('',#2457);
#858=VERTEX_POINT('',#2459);
#859=VERTEX_POINT('',#2461);
#860=VERTEX_POINT('',#2463);
#861=VERTEX_POINT('',#2467);
#862=VERTEX_POINT('',#2469);
#863=VERTEX_POINT('',#2472);
#864=VERTEX_POINT('',#2474);
#865=VERTEX_POINT('',#2476);
#866=VERTEX_POINT('',#2478);
#867=VERTEX_POINT('',#2480);
#868=VERTEX_POINT('',#2482);
#869=VERTEX_POINT('',#2484);
#870=VERTEX_POINT('',#2486);
#871=VERTEX_POINT('',#2490);
#872=VERTEX_POINT('',#2492);
#873=VERTEX_POINT('',#2494);
#874=VERTEX_POINT('',#2496);
#875=VERTEX_POINT('',#2498);
#876=VERTEX_POINT('',#2500);
#877=VERTEX_POINT('',#2502);
#878=VERTEX_POINT('',#2504);
#879=VERTEX_POINT('',#2506);
#880=VERTEX_POINT('',#2508);
#881=VERTEX_POINT('',#2510);
#882=VERTEX_POINT('',#2512);
#883=VERTEX_POINT('',#2514);
#884=VERTEX_POINT('',#2516);
#885=VERTEX_POINT('',#2520);
#886=VERTEX_POINT('',#2522);
#887=VERTEX_POINT('',#2527);
#888=VERTEX_POINT('',#2528);
#889=VERTEX_POINT('',#2530);
#890=VERTEX_POINT('',#2532);
#891=VERTEX_POINT('',#2536);
#892=VERTEX_POINT('',#2537);
#893=VERTEX_POINT('',#2539);
#894=VERTEX_POINT('',#2541);
#895=VERTEX_POINT('',#2543);
#896=VERTEX_POINT('',#2545);
#897=VERTEX_POINT('',#2547);
#898=VERTEX_POINT('',#2549);
#899=VERTEX_POINT('',#2555);
#900=VERTEX_POINT('',#2557);
#901=VERTEX_POINT('',#2560);
#902=VERTEX_POINT('',#2562);
#903=VERTEX_POINT('',#2565);
#904=VERTEX_POINT('',#2567);
#905=VERTEX_POINT('',#2570);
#906=VERTEX_POINT('',#2571);
#907=VERTEX_POINT('',#2573);
#908=VERTEX_POINT('',#2575);
#909=VERTEX_POINT('',#2579);
#910=VERTEX_POINT('',#2580);
#911=VERTEX_POINT('',#2582);
#912=VERTEX_POINT('',#2584);
#913=VERTEX_POINT('',#2587);
#914=VERTEX_POINT('',#2588);
#915=VERTEX_POINT('',#2590);
#916=VERTEX_POINT('',#2592);
#917=VERTEX_POINT('',#2596);
#918=VERTEX_POINT('',#2597);
#919=VERTEX_POINT('',#2599);
#920=VERTEX_POINT('',#2601);
#921=VERTEX_POINT('',#2605);
#922=VERTEX_POINT('',#2606);
#923=VERTEX_POINT('',#2608);
#924=VERTEX_POINT('',#2610);
#925=VERTEX_POINT('',#2613);
#926=VERTEX_POINT('',#2614);
#927=VERTEX_POINT('',#2616);
#928=VERTEX_POINT('',#2618);
#929=VERTEX_POINT('',#2620);
#930=VERTEX_POINT('',#2622);
#931=VERTEX_POINT('',#2624);
#932=VERTEX_POINT('',#2626);
#933=VERTEX_POINT('',#2630);
#934=VERTEX_POINT('',#2631);
#935=VERTEX_POINT('',#2633);
#936=VERTEX_POINT('',#2635);
#937=VERTEX_POINT('',#2639);
#938=VERTEX_POINT('',#2640);
#939=VERTEX_POINT('',#2646);
#940=VERTEX_POINT('',#2648);
#941=VERTEX_POINT('',#2650);
#942=VERTEX_POINT('',#2652);
#943=VERTEX_POINT('',#2654);
#944=VERTEX_POINT('',#2656);
#945=VERTEX_POINT('',#2658);
#946=VERTEX_POINT('',#2660);
#947=VERTEX_POINT('',#2662);
#948=VERTEX_POINT('',#2664);
#949=VERTEX_POINT('',#2666);
#950=VERTEX_POINT('',#2668);
#951=VERTEX_POINT('',#2670);
#952=VERTEX_POINT('',#2672);
#953=VERTEX_POINT('',#2674);
#954=VERTEX_POINT('',#2676);
#955=VERTEX_POINT('',#2678);
#956=VERTEX_POINT('',#2680);
#957=VERTEX_POINT('',#2682);
#958=VERTEX_POINT('',#2684);
#959=VERTEX_POINT('',#2686);
#960=VERTEX_POINT('',#2688);
#961=VERTEX_POINT('',#2693);
#962=VERTEX_POINT('',#2694);
#963=VERTEX_POINT('',#2697);
#964=VERTEX_POINT('',#2699);
#965=VERTEX_POINT('',#2701);
#966=VERTEX_POINT('',#2703);
#967=VERTEX_POINT('',#2708);
#968=VERTEX_POINT('',#2709);
#969=VERTEX_POINT('',#2713);
#970=VERTEX_POINT('',#2714);
#971=VERTEX_POINT('',#2716);
#972=VERTEX_POINT('',#2718);
#973=VERTEX_POINT('',#2722);
#974=VERTEX_POINT('',#2724);
#975=VERTEX_POINT('',#2728);
#976=VERTEX_POINT('',#2732);
#977=VERTEX_POINT('',#2755);
#978=VERTEX_POINT('',#2761);
#979=VERTEX_POINT('',#2767);
#980=VERTEX_POINT('',#2769);
#981=VERTEX_POINT('',#2773);
#982=VERTEX_POINT('',#2777);
#983=VERTEX_POINT('',#2791);
#984=VERTEX_POINT('',#2802);
#985=VERTEX_POINT('',#2806);
#986=VERTEX_POINT('',#2807);
#987=VERTEX_POINT('',#2809);
#988=VERTEX_POINT('',#2811);
#989=VERTEX_POINT('',#2813);
#990=VERTEX_POINT('',#2815);
#991=VERTEX_POINT('',#2817);
#992=VERTEX_POINT('',#2819);
#993=VERTEX_POINT('',#2833);
#994=VERTEX_POINT('',#2835);
#995=VERTEX_POINT('',#2837);
#996=VERTEX_POINT('',#2839);
#997=VERTEX_POINT('',#2841);
#998=VERTEX_POINT('',#2845);
#999=VERTEX_POINT('',#2847);
#1000=VERTEX_POINT('',#2849);
#1001=VERTEX_POINT('',#2851);
#1002=VERTEX_POINT('',#2853);
#1003=VERTEX_POINT('',#2855);
#1004=VERTEX_POINT('',#2857);
#1005=VERTEX_POINT('',#2859);
#1006=VERTEX_POINT('',#2861);
#1007=VERTEX_POINT('',#2863);
#1008=VERTEX_POINT('',#2865);
#1009=VERTEX_POINT('',#2912);
#1010=VERTEX_POINT('',#2919);
#1011=LINE('',#2429,#1219);
#1012=LINE('',#2432,#1220);
#1013=LINE('',#2434,#1221);
#1014=LINE('',#2436,#1222);
#1015=LINE('',#2437,#1223);
#1016=LINE('',#2440,#1224);
#1017=LINE('',#2442,#1225);
#1018=LINE('',#2444,#1226);
#1019=LINE('',#2446,#1227);
#1020=LINE('',#2448,#1228);
#1021=LINE('',#2450,#1229);
#1022=LINE('',#2452,#1230);
#1023=LINE('',#2454,#1231);
#1024=LINE('',#2456,#1232);
#1025=LINE('',#2458,#1233);
#1026=LINE('',#2460,#1234);
#1027=LINE('',#2462,#1235);
#1028=LINE('',#2464,#1236);
#1029=LINE('',#2466,#1237);
#1030=LINE('',#2468,#1238);
#1031=LINE('',#2470,#1239);
#1032=LINE('',#2471,#1240);
#1033=LINE('',#2473,#1241);
#1034=LINE('',#2475,#1242);
#1035=LINE('',#2477,#1243);
#1036=LINE('',#2481,#1244);
#1037=LINE('',#2485,#1245);
#1038=LINE('',#2487,#1246);
#1039=LINE('',#2489,#1247);
#1040=LINE('',#2491,#1248);
#1041=LINE('',#2493,#1249);
#1042=LINE('',#2495,#1250);
#1043=LINE('',#2497,#1251);
#1044=LINE('',#2499,#1252);
#1045=LINE('',#2501,#1253);
#1046=LINE('',#2505,#1254);
#1047=LINE('',#2509,#1255);
#1048=LINE('',#2513,#1256);
#1049=LINE('',#2517,#1257);
#1050=LINE('',#2519,#1258);
#1051=LINE('',#2521,#1259);
#1052=LINE('',#2523,#1260);
#1053=LINE('',#2524,#1261);
#1054=LINE('',#2525,#1262);
#1055=LINE('',#2526,#1263);
#1056=LINE('',#2529,#1264);
#1057=LINE('',#2531,#1265);
#1058=LINE('',#2533,#1266);
#1059=LINE('',#2538,#1267);
#1060=LINE('',#2542,#1268);
#1061=LINE('',#2546,#1269);
#1062=LINE('',#2550,#1270);
#1063=LINE('',#2551,#1271);
#1064=LINE('',#2552,#1272);
#1065=LINE('',#2569,#1273);
#1066=LINE('',#2572,#1274);
#1067=LINE('',#2574,#1275);
#1068=LINE('',#2576,#1276);
#1069=LINE('',#2578,#1277);
#1070=LINE('',#2581,#1278);
#1071=LINE('',#2583,#1279);
#1072=LINE('',#2585,#1280);
#1073=LINE('',#2586,#1281);
#1074=LINE('',#2589,#1282);
#1075=LINE('',#2591,#1283);
#1076=LINE('',#2593,#1284);
#1077=LINE('',#2595,#1285);
#1078=LINE('',#2598,#1286);
#1079=LINE('',#2600,#1287);
#1080=LINE('',#2602,#1288);
#1081=LINE('',#2604,#1289);
#1082=LINE('',#2607,#1290);
#1083=LINE('',#2609,#1291);
#1084=LINE('',#2611,#1292);
#1085=LINE('',#2615,#1293);
#1086=LINE('',#2619,#1294);
#1087=LINE('',#2623,#1295);
#1088=LINE('',#2627,#1296);
#1089=LINE('',#2629,#1297);
#1090=LINE('',#2632,#1298);
#1091=LINE('',#2634,#1299);
#1092=LINE('',#2636,#1300);
#1093=LINE('',#2638,#1301);
#1094=LINE('',#2647,#1302);
#1095=LINE('',#2649,#1303);
#1096=LINE('',#2651,#1304);
#1097=LINE('',#2653,#1305);
#1098=LINE('',#2655,#1306);
#1099=LINE('',#2659,#1307);
#1100=LINE('',#2661,#1308);
#1101=LINE('',#2663,#1309);
#1102=LINE('',#2665,#1310);
#1103=LINE('',#2669,#1311);
#1104=LINE('',#2671,#1312);
#1105=LINE('',#2673,#1313);
#1106=LINE('',#2675,#1314);
#1107=LINE('',#2679,#1315);
#1108=LINE('',#2681,#1316);
#1109=LINE('',#2683,#1317);
#1110=LINE('',#2685,#1318);
#1111=LINE('',#2687,#1319);
#1112=LINE('',#2692,#1320);
#1113=LINE('',#2695,#1321);
#1114=LINE('',#2696,#1322);
#1115=LINE('',#2700,#1323);
#1116=LINE('',#2704,#1324);
#1117=LINE('',#2705,#1325);
#1118=LINE('',#2707,#1326);
#1119=LINE('',#2710,#1327);
#1120=LINE('',#2711,#1328);
#1121=LINE('',#2712,#1329);
#1122=LINE('',#2715,#1330);
#1123=LINE('',#2717,#1331);
#1124=LINE('',#2719,#1332);
#1125=LINE('',#2721,#1333);
#1126=LINE('',#2723,#1334);
#1127=LINE('',#2725,#1335);
#1128=LINE('',#2727,#1336);
#1129=LINE('',#2729,#1337);
#1130=LINE('',#2731,#1338);
#1131=LINE('',#2733,#1339);
#1132=LINE('',#2735,#1340);
#1133=LINE('',#2737,#1341);
#1134=LINE('',#2738,#1342);
#1135=LINE('',#2740,#1343);
#1136=LINE('',#2742,#1344);
#1137=LINE('',#2745,#1345);
#1138=LINE('',#2746,#1346);
#1139=LINE('',#2748,#1347);
#1140=LINE('',#2750,#1348);
#1141=LINE('',#2752,#1349);
#1142=LINE('',#2754,#1350);
#1143=LINE('',#2756,#1351);
#1144=LINE('',#2758,#1352);
#1145=LINE('',#2760,#1353);
#1146=LINE('',#2762,#1354);
#1147=LINE('',#2764,#1355);
#1148=LINE('',#2766,#1356);
#1149=LINE('',#2768,#1357);
#1150=LINE('',#2770,#1358);
#1151=LINE('',#2772,#1359);
#1152=LINE('',#2774,#1360);
#1153=LINE('',#2776,#1361);
#1154=LINE('',#2778,#1362);
#1155=LINE('',#2780,#1363);
#1156=LINE('',#2782,#1364);
#1157=LINE('',#2783,#1365);
#1158=LINE('',#2785,#1366);
#1159=LINE('',#2787,#1367);
#1160=LINE('',#2790,#1368);
#1161=LINE('',#2792,#1369);
#1162=LINE('',#2793,#1370);
#1163=LINE('',#2795,#1371);
#1164=LINE('',#2797,#1372);
#1165=LINE('',#2799,#1373);
#1166=LINE('',#2801,#1374);
#1167=LINE('',#2803,#1375);
#1168=LINE('',#2808,#1376);
#1169=LINE('',#2812,#1377);
#1170=LINE('',#2816,#1378);
#1171=LINE('',#2820,#1379);
#1172=LINE('',#2832,#1380);
#1173=LINE('',#2834,#1381);
#1174=LINE('',#2838,#1382);
#1175=LINE('',#2840,#1383);
#1176=LINE('',#2842,#1384);
#1177=LINE('',#2844,#1385);
#1178=LINE('',#2846,#1386);
#1179=LINE('',#2848,#1387);
#1180=LINE('',#2852,#1388);
#1181=LINE('',#2854,#1389);
#1182=LINE('',#2856,#1390);
#1183=LINE('',#2858,#1391);
#1184=LINE('',#2862,#1392);
#1185=LINE('',#2864,#1393);
#1186=LINE('',#2866,#1394);
#1187=LINE('',#2868,#1395);
#1188=LINE('',#2869,#1396);
#1189=LINE('',#2871,#1397);
#1190=LINE('',#2873,#1398);
#1191=LINE('',#2875,#1399);
#1192=LINE('',#2877,#1400);
#1193=LINE('',#2879,#1401);
#1194=LINE('',#2881,#1402);
#1195=LINE('',#2883,#1403);
#1196=LINE('',#2885,#1404);
#1197=LINE('',#2887,#1405);
#1198=LINE('',#2890,#1406);
#1199=LINE('',#2892,#1407);
#1200=LINE('',#2894,#1408);
#1201=LINE('',#2896,#1409);
#1202=LINE('',#2898,#1410);
#1203=LINE('',#2905,#1411);
#1204=LINE('',#2908,#1412);
#1205=LINE('',#2911,#1413);
#1206=LINE('',#2913,#1414);
#1207=LINE('',#2915,#1415);
#1208=LINE('',#2918,#1416);
#1209=LINE('',#2920,#1417);
#1210=LINE('',#2922,#1418);
#1211=LINE('',#2925,#1419);
#1212=LINE('',#2926,#1420);
#1213=LINE('',#2928,#1421);
#1214=LINE('',#2930,#1422);
#1215=LINE('',#2932,#1423);
#1216=LINE('',#2934,#1424);
#1217=LINE('',#2936,#1425);
#1218=LINE('',#2938,#1426);
#1219=VECTOR('',#1949,1.);
#1220=VECTOR('',#1950,1.);
#1221=VECTOR('',#1951,1.);
#1222=VECTOR('',#1952,1.);
#1223=VECTOR('',#1953,1.);
#1224=VECTOR('',#1954,1.);
#1225=VECTOR('',#1955,1.);
#1226=VECTOR('',#1956,1.);
#1227=VECTOR('',#1957,1.);
#1228=VECTOR('',#1958,1.);
#1229=VECTOR('',#1959,1.);
#1230=VECTOR('',#1960,1.);
#1231=VECTOR('',#1961,1.);
#1232=VECTOR('',#1962,1.);
#1233=VECTOR('',#1963,1.);
#1234=VECTOR('',#1964,1.);
#1235=VECTOR('',#1965,1.);
#1236=VECTOR('',#1966,1.);
#1237=VECTOR('',#1969,1.);
#1238=VECTOR('',#1970,1.);
#1239=VECTOR('',#1971,1.);
#1240=VECTOR('',#1972,1.);
#1241=VECTOR('',#1973,1.);
#1242=VECTOR('',#1974,1.);
#1243=VECTOR('',#1975,1.);
#1244=VECTOR('',#1978,1.);
#1245=VECTOR('',#1981,1.);
#1246=VECTOR('',#1982,1.);
#1247=VECTOR('',#1985,1.);
#1248=VECTOR('',#1986,1.);
#1249=VECTOR('',#1987,1.);
#1250=VECTOR('',#1988,1.);
#1251=VECTOR('',#1989,1.);
#1252=VECTOR('',#1990,1.);
#1253=VECTOR('',#1991,1.);
#1254=VECTOR('',#1994,1.);
#1255=VECTOR('',#1997,1.);
#1256=VECTOR('',#2000,1.);
#1257=VECTOR('',#2003,1.);
#1258=VECTOR('',#2006,1.);
#1259=VECTOR('',#2007,1.);
#1260=VECTOR('',#2008,1.);
#1261=VECTOR('',#2009,1.);
#1262=VECTOR('',#2010,1.);
#1263=VECTOR('',#2011,1.);
#1264=VECTOR('',#2012,1.);
#1265=VECTOR('',#2013,1.);
#1266=VECTOR('',#2014,1.);
#1267=VECTOR('',#2019,1.);
#1268=VECTOR('',#2022,1.);
#1269=VECTOR('',#2025,1.);
#1270=VECTOR('',#2028,1.);
#1271=VECTOR('',#2029,1.);
#1272=VECTOR('',#2030,1.);
#1273=VECTOR('',#2051,1.);
#1274=VECTOR('',#2052,1.);
#1275=VECTOR('',#2053,1.);
#1276=VECTOR('',#2054,1.);
#1277=VECTOR('',#2057,1.);
#1278=VECTOR('',#2058,1.);
#1279=VECTOR('',#2059,1.);
#1280=VECTOR('',#2060,1.);
#1281=VECTOR('',#2061,1.);
#1282=VECTOR('',#2062,1.);
#1283=VECTOR('',#2063,1.);
#1284=VECTOR('',#2064,1.);
#1285=VECTOR('',#2067,1.);
#1286=VECTOR('',#2068,1.);
#1287=VECTOR('',#2069,1.);
#1288=VECTOR('',#2070,1.);
#1289=VECTOR('',#2073,1.);
#1290=VECTOR('',#2074,1.);
#1291=VECTOR('',#2075,1.);
#1292=VECTOR('',#2076,1.);
#1293=VECTOR('',#2079,1.);
#1294=VECTOR('',#2082,1.);
#1295=VECTOR('',#2085,1.);
#1296=VECTOR('',#2088,1.);
#1297=VECTOR('',#2091,1.);
#1298=VECTOR('',#2092,1.);
#1299=VECTOR('',#2093,1.);
#1300=VECTOR('',#2094,1.);
#1301=VECTOR('',#2097,1.);
#1302=VECTOR('',#2108,1.);
#1303=VECTOR('',#2109,1.);
#1304=VECTOR('',#2110,1.);
#1305=VECTOR('',#2111,1.);
#1306=VECTOR('',#2112,1.);
#1307=VECTOR('',#2115,1.);
#1308=VECTOR('',#2116,1.);
#1309=VECTOR('',#2117,1.);
#1310=VECTOR('',#2118,1.);
#1311=VECTOR('',#2121,1.);
#1312=VECTOR('',#2122,1.);
#1313=VECTOR('',#2123,1.);
#1314=VECTOR('',#2124,1.);
#1315=VECTOR('',#2127,1.);
#1316=VECTOR('',#2128,1.);
#1317=VECTOR('',#2129,1.);
#1318=VECTOR('',#2130,1.);
#1319=VECTOR('',#2131,1.);
#1320=VECTOR('',#2138,1.);
#1321=VECTOR('',#2139,1.);
#1322=VECTOR('',#2140,1.);
#1323=VECTOR('',#2143,1.);
#1324=VECTOR('',#2146,1.);
#1325=VECTOR('',#2147,1.);
#1326=VECTOR('',#2150,1.);
#1327=VECTOR('',#2151,1.);
#1328=VECTOR('',#2152,1.);
#1329=VECTOR('',#2153,1.);
#1330=VECTOR('',#2154,1.);
#1331=VECTOR('',#2155,1.);
#1332=VECTOR('',#2156,1.);
#1333=VECTOR('',#2159,1.);
#1334=VECTOR('',#2160,1.);
#1335=VECTOR('',#2161,1.);
#1336=VECTOR('',#2164,1.);
#1337=VECTOR('',#2165,1.);
#1338=VECTOR('',#2168,1.);
#1339=VECTOR('',#2169,1.);
#1340=VECTOR('',#2172,1.);
#1341=VECTOR('',#2175,1.);
#1342=VECTOR('',#2176,1.);
#1343=VECTOR('',#2179,1.);
#1344=VECTOR('',#2182,1.);
#1345=VECTOR('',#2187,1.);
#1346=VECTOR('',#2188,1.);
#1347=VECTOR('',#2191,1.);
#1348=VECTOR('',#2194,1.);
#1349=VECTOR('',#2197,1.);
#1350=VECTOR('',#2200,1.);
#1351=VECTOR('',#2201,1.);
#1352=VECTOR('',#2204,1.);
#1353=VECTOR('',#2207,1.);
#1354=VECTOR('',#2208,1.);
#1355=VECTOR('',#2211,1.);
#1356=VECTOR('',#2214,1.);
#1357=VECTOR('',#2215,1.);
#1358=VECTOR('',#2216,1.);
#1359=VECTOR('',#2219,1.);
#1360=VECTOR('',#2220,1.);
#1361=VECTOR('',#2223,1.);
#1362=VECTOR('',#2224,1.);
#1363=VECTOR('',#2227,1.);
#1364=VECTOR('',#2230,1.);
#1365=VECTOR('',#2231,1.);
#1366=VECTOR('',#2234,1.);
#1367=VECTOR('',#2237,1.);
#1368=VECTOR('',#2242,1.);
#1369=VECTOR('',#2243,1.);
#1370=VECTOR('',#2244,1.);
#1371=VECTOR('',#2247,1.);
#1372=VECTOR('',#2250,1.);
#1373=VECTOR('',#2253,1.);
#1374=VECTOR('',#2256,1.);
#1375=VECTOR('',#2257,1.);
#1376=VECTOR('',#2262,1.);
#1377=VECTOR('',#2265,1.);
#1378=VECTOR('',#2268,1.);
#1379=VECTOR('',#2271,1.);
#1380=VECTOR('',#2294,1.);
#1381=VECTOR('',#2295,1.);
#1382=VECTOR('',#2298,1.);
#1383=VECTOR('',#2299,1.);
#1384=VECTOR('',#2300,1.);
#1385=VECTOR('',#2303,1.);
#1386=VECTOR('',#2304,1.);
#1387=VECTOR('',#2305,1.);
#1388=VECTOR('',#2308,1.);
#1389=VECTOR('',#2309,1.);
#1390=VECTOR('',#2310,1.);
#1391=VECTOR('',#2311,1.);
#1392=VECTOR('',#2314,1.);
#1393=VECTOR('',#2315,1.);
#1394=VECTOR('',#2316,1.);
#1395=VECTOR('',#2319,1.);
#1396=VECTOR('',#2320,1.);
#1397=VECTOR('',#2323,1.);
#1398=VECTOR('',#2326,1.);
#1399=VECTOR('',#2329,1.);
#1400=VECTOR('',#2332,1.);
#1401=VECTOR('',#2335,1.);
#1402=VECTOR('',#2338,1.);
#1403=VECTOR('',#2341,1.);
#1404=VECTOR('',#2344,1.);
#1405=VECTOR('',#2347,1.);
#1406=VECTOR('',#2352,1.);
#1407=VECTOR('',#2355,1.);
#1408=VECTOR('',#2358,1.);
#1409=VECTOR('',#2361,1.);
#1410=VECTOR('',#2364,1.);
#1411=VECTOR('',#2377,1.);
#1412=VECTOR('',#2382,1.);
#1413=VECTOR('',#2387,1.);
#1414=VECTOR('',#2388,1.);
#1415=VECTOR('',#2391,1.);
#1416=VECTOR('',#2396,1.);
#1417=VECTOR('',#2397,1.);
#1418=VECTOR('',#2400,1.);
#1419=VECTOR('',#2405,1.);
#1420=VECTOR('',#2406,1.);
#1421=VECTOR('',#2409,1.);
#1422=VECTOR('',#2412,1.);
#1423=VECTOR('',#2415,1.);
#1424=VECTOR('',#2418,1.);
#1425=VECTOR('',#2421,1.);
#1426=VECTOR('',#2424,1.);
#1427=EDGE_LOOP('',(#81,#82,#83,#84));
#1428=EDGE_LOOP('',(#85,#86,#87,#88,#89,#90,#91,#92,#93,#94,#95,#96,#97,
#98));
#1429=EDGE_LOOP('',(#99,#100,#101,#102,#103,#104,#105,#106,#107,#108,#109,
#110,#111,#112));
#1430=EDGE_LOOP('',(#113,#114,#115,#116,#117,#118,#119,#120,#121,#122,#123,
#124,#125,#126,#127,#128));
#1431=EDGE_LOOP('',(#129,#130,#131,#132,#133,#134,#135,#136));
#1432=EDGE_LOOP('',(#137,#138,#139,#140));
#1433=EDGE_LOOP('',(#141,#142,#143,#144,#145,#146,#147,#148));
#1434=EDGE_LOOP('',(#149,#150,#151,#152));
#1435=EDGE_LOOP('',(#153));
#1436=EDGE_LOOP('',(#154));
#1437=EDGE_LOOP('',(#155));
#1438=EDGE_LOOP('',(#156));
#1439=EDGE_LOOP('',(#157));
#1440=EDGE_LOOP('',(#158));
#1441=EDGE_LOOP('',(#159,#160,#161,#162));
#1442=EDGE_LOOP('',(#163,#164,#165,#166));
#1443=EDGE_LOOP('',(#167,#168,#169,#170));
#1444=EDGE_LOOP('',(#171,#172,#173,#174));
#1445=EDGE_LOOP('',(#175,#176,#177,#178));
#1446=EDGE_LOOP('',(#179,#180,#181,#182,#183,#184,#185,#186));
#1447=EDGE_LOOP('',(#187,#188,#189,#190));
#1448=EDGE_LOOP('',(#191,#192,#193,#194,#195,#196,#197,#198,#199,#200,#201,
#202,#203,#204,#205,#206,#207,#208,#209,#210,#211,#212,#213,#214,#215,#216,
#217,#218,#219,#220,#221,#222,#223,#224));
#1449=EDGE_LOOP('',(#225,#226,#227,#228,#229,#230,#231,#232,#233,#234));
#1450=EDGE_LOOP('',(#235,#236,#237,#238));
#1451=EDGE_LOOP('',(#239,#240,#241,#242));
#1452=EDGE_LOOP('',(#243,#244,#245,#246));
#1453=EDGE_LOOP('',(#247,#248,#249,#250));
#1454=EDGE_LOOP('',(#251,#252,#253,#254));
#1455=EDGE_LOOP('',(#255,#256,#257,#258));
#1456=EDGE_LOOP('',(#259,#260,#261,#262));
#1457=EDGE_LOOP('',(#263,#264,#265,#266));
#1458=EDGE_LOOP('',(#267,#268,#269,#270));
#1459=EDGE_LOOP('',(#271,#272,#273,#274));
#1460=EDGE_LOOP('',(#275,#276,#277,#278));
#1461=EDGE_LOOP('',(#279,#280,#281,#282));
#1462=EDGE_LOOP('',(#283,#284,#285,#286));
#1463=EDGE_LOOP('',(#287,#288,#289,#290));
#1464=EDGE_LOOP('',(#291,#292,#293,#294,#295));
#1465=EDGE_LOOP('',(#296,#297,#298,#299));
#1466=EDGE_LOOP('',(#300,#301,#302,#303));
#1467=EDGE_LOOP('',(#304,#305,#306,#307,#308));
#1468=EDGE_LOOP('',(#309,#310,#311,#312));
#1469=EDGE_LOOP('',(#313,#314,#315,#316));
#1470=EDGE_LOOP('',(#317,#318,#319,#320));
#1471=EDGE_LOOP('',(#321,#322,#323,#324));
#1472=EDGE_LOOP('',(#325,#326,#327,#328));
#1473=EDGE_LOOP('',(#329,#330,#331,#332));
#1474=EDGE_LOOP('',(#333,#334,#335,#336));
#1475=EDGE_LOOP('',(#337,#338,#339,#340));
#1476=EDGE_LOOP('',(#341,#342,#343,#344,#345,#346));
#1477=EDGE_LOOP('',(#347,#348,#349,#350));
#1478=EDGE_LOOP('',(#351,#352,#353,#354));
#1479=EDGE_LOOP('',(#355,#356,#357,#358));
#1480=EDGE_LOOP('',(#359,#360,#361,#362,#363,#364));
#1481=EDGE_LOOP('',(#365,#366,#367,#368,#369,#370,#371,#372));
#1482=EDGE_LOOP('',(#373));
#1483=EDGE_LOOP('',(#374));
#1484=EDGE_LOOP('',(#375));
#1485=EDGE_LOOP('',(#376,#377,#378,#379,#380,#381,#382,#383,#384,#385,#386,
#387,#388,#389));
#1486=EDGE_LOOP('',(#390,#391,#392,#393));
#1487=EDGE_LOOP('',(#394,#395,#396,#397));
#1488=EDGE_LOOP('',(#398,#399,#400,#401));
#1489=EDGE_LOOP('',(#402));
#1490=EDGE_LOOP('',(#403,#404,#405,#406,#407,#408,#409,#410,#411,#412));
#1491=EDGE_LOOP('',(#413,#414,#415,#416,#417,#418,#419,#420,#421,#422,#423,
#424,#425,#426,#427,#428,#429,#430));
#1492=EDGE_LOOP('',(#431));
#1493=EDGE_LOOP('',(#432));
#1494=EDGE_LOOP('',(#433,#434,#435,#436));
#1495=EDGE_LOOP('',(#437,#438,#439,#440));
#1496=EDGE_LOOP('',(#441,#442,#443,#444));
#1497=EDGE_LOOP('',(#445,#446,#447,#448));
#1498=EDGE_LOOP('',(#449,#450,#451,#452));
#1499=EDGE_LOOP('',(#453,#454,#455,#456,#457,#458));
#1500=EDGE_LOOP('',(#459,#460,#461,#462));
#1501=EDGE_LOOP('',(#463,#464,#465,#466));
#1502=EDGE_LOOP('',(#467,#468,#469,#470));
#1503=EDGE_LOOP('',(#471,#472,#473,#474));
#1504=EDGE_LOOP('',(#475,#476,#477,#478));
#1505=EDGE_LOOP('',(#479,#480,#481,#482));
#1506=EDGE_LOOP('',(#483,#484,#485,#486));
#1507=EDGE_LOOP('',(#487,#488,#489,#490));
#1508=EDGE_LOOP('',(#491,#492,#493,#494));
#1509=EDGE_LOOP('',(#495,#496,#497,#498));
#1510=EDGE_LOOP('',(#499,#500,#501,#502));
#1511=EDGE_LOOP('',(#503,#504,#505,#506));
#1512=EDGE_LOOP('',(#507,#508,#509,#510));
#1513=EDGE_LOOP('',(#511,#512,#513,#514));
#1514=EDGE_LOOP('',(#515,#516,#517,#518));
#1515=EDGE_LOOP('',(#519,#520,#521,#522));
#1516=EDGE_LOOP('',(#523,#524,#525,#526));
#1517=EDGE_LOOP('',(#527,#528,#529,#530));
#1518=EDGE_LOOP('',(#531,#532,#533,#534));
#1519=EDGE_LOOP('',(#535,#536,#537,#538));
#1520=EDGE_LOOP('',(#539,#540,#541,#542));
#1521=EDGE_LOOP('',(#543,#544,#545));
#1522=EDGE_LOOP('',(#546,#547,#548,#549));
#1523=EDGE_LOOP('',(#550,#551,#552,#553));
#1524=EDGE_LOOP('',(#554,#555,#556));
#1525=EDGE_LOOP('',(#557,#558,#559,#560));
#1526=EDGE_LOOP('',(#561,#562,#563,#564));
#1527=EDGE_LOOP('',(#565,#566,#567,#568));
#1528=EDGE_LOOP('',(#569,#570,#571,#572));
#1529=EDGE_LOOP('',(#573,#574,#575,#576));
#1530=EDGE_LOOP('',(#577,#578,#579,#580));
#1531=EDGE_LOOP('',(#581,#582,#583,#584));
#1532=EDGE_LOOP('',(#585,#586,#587,#588));
#1533=FACE_BOUND('',#1427,.T.);
#1534=FACE_BOUND('',#1428,.T.);
#1535=FACE_BOUND('',#1429,.T.);
#1536=FACE_BOUND('',#1430,.T.);
#1537=FACE_BOUND('',#1431,.T.);
#1538=FACE_BOUND('',#1432,.T.);
#1539=FACE_BOUND('',#1433,.T.);
#1540=FACE_BOUND('',#1434,.T.);
#1541=FACE_BOUND('',#1435,.T.);
#1542=FACE_BOUND('',#1436,.T.);
#1543=FACE_BOUND('',#1437,.T.);
#1544=FACE_BOUND('',#1438,.T.);
#1545=FACE_BOUND('',#1439,.T.);
#1546=FACE_BOUND('',#1440,.T.);
#1547=FACE_BOUND('',#1441,.T.);
#1548=FACE_BOUND('',#1442,.T.);
#1549=FACE_BOUND('',#1443,.T.);
#1550=FACE_BOUND('',#1444,.T.);
#1551=FACE_BOUND('',#1445,.T.);
#1552=FACE_BOUND('',#1446,.T.);
#1553=FACE_BOUND('',#1447,.T.);
#1554=FACE_BOUND('',#1448,.T.);
#1555=FACE_BOUND('',#1449,.T.);
#1556=FACE_BOUND('',#1450,.T.);
#1557=FACE_BOUND('',#1451,.T.);
#1558=FACE_BOUND('',#1452,.T.);
#1559=FACE_BOUND('',#1453,.T.);
#1560=FACE_BOUND('',#1454,.T.);
#1561=FACE_BOUND('',#1455,.T.);
#1562=FACE_BOUND('',#1456,.T.);
#1563=FACE_BOUND('',#1457,.T.);
#1564=FACE_BOUND('',#1458,.T.);
#1565=FACE_BOUND('',#1459,.T.);
#1566=FACE_BOUND('',#1460,.T.);
#1567=FACE_BOUND('',#1461,.T.);
#1568=FACE_BOUND('',#1462,.T.);
#1569=FACE_BOUND('',#1463,.T.);
#1570=FACE_BOUND('',#1464,.T.);
#1571=FACE_BOUND('',#1465,.T.);
#1572=FACE_BOUND('',#1466,.T.);
#1573=FACE_BOUND('',#1467,.T.);
#1574=FACE_BOUND('',#1468,.T.);
#1575=FACE_BOUND('',#1469,.T.);
#1576=FACE_BOUND('',#1470,.T.);
#1577=FACE_BOUND('',#1471,.T.);
#1578=FACE_BOUND('',#1472,.T.);
#1579=FACE_BOUND('',#1473,.T.);
#1580=FACE_BOUND('',#1474,.T.);
#1581=FACE_BOUND('',#1475,.T.);
#1582=FACE_BOUND('',#1476,.T.);
#1583=FACE_BOUND('',#1477,.T.);
#1584=FACE_BOUND('',#1478,.T.);
#1585=FACE_BOUND('',#1479,.T.);
#1586=FACE_BOUND('',#1480,.T.);
#1587=FACE_BOUND('',#1481,.T.);
#1588=FACE_BOUND('',#1482,.T.);
#1589=FACE_BOUND('',#1483,.T.);
#1590=FACE_BOUND('',#1484,.T.);
#1591=FACE_BOUND('',#1485,.T.);
#1592=FACE_BOUND('',#1486,.T.);
#1593=FACE_BOUND('',#1487,.T.);
#1594=FACE_BOUND('',#1488,.T.);
#1595=FACE_BOUND('',#1489,.T.);
#1596=FACE_BOUND('',#1490,.T.);
#1597=FACE_BOUND('',#1491,.T.);
#1598=FACE_BOUND('',#1492,.T.);
#1599=FACE_BOUND('',#1493,.T.);
#1600=FACE_BOUND('',#1494,.T.);
#1601=FACE_BOUND('',#1495,.T.);
#1602=FACE_BOUND('',#1496,.T.);
#1603=FACE_BOUND('',#1497,.T.);
#1604=FACE_BOUND('',#1498,.T.);
#1605=FACE_BOUND('',#1499,.T.);
#1606=FACE_BOUND('',#1500,.T.);
#1607=FACE_BOUND('',#1501,.T.);
#1608=FACE_BOUND('',#1502,.T.);
#1609=FACE_BOUND('',#1503,.T.);
#1610=FACE_BOUND('',#1504,.T.);
#1611=FACE_BOUND('',#1505,.T.);
#1612=FACE_BOUND('',#1506,.T.);
#1613=FACE_BOUND('',#1507,.T.);
#1614=FACE_BOUND('',#1508,.T.);
#1615=FACE_BOUND('',#1509,.T.);
#1616=FACE_BOUND('',#1510,.T.);
#1617=FACE_BOUND('',#1511,.T.);
#1618=FACE_BOUND('',#1512,.T.);
#1619=FACE_BOUND('',#1513,.T.);
#1620=FACE_BOUND('',#1514,.T.);
#1621=FACE_BOUND('',#1515,.T.);
#1622=FACE_BOUND('',#1516,.T.);
#1623=FACE_BOUND('',#1517,.T.);
#1624=FACE_BOUND('',#1518,.T.);
#1625=FACE_BOUND('',#1519,.T.);
#1626=FACE_BOUND('',#1520,.T.);
#1627=FACE_BOUND('',#1521,.T.);
#1628=FACE_BOUND('',#1522,.T.);
#1629=FACE_BOUND('',#1523,.T.);
#1630=FACE_BOUND('',#1524,.T.);
#1631=FACE_BOUND('',#1525,.T.);
#1632=FACE_BOUND('',#1526,.T.);
#1633=FACE_BOUND('',#1527,.T.);
#1634=FACE_BOUND('',#1528,.T.);
#1635=FACE_BOUND('',#1529,.T.);
#1636=FACE_BOUND('',#1530,.T.);
#1637=FACE_BOUND('',#1531,.T.);
#1638=FACE_BOUND('',#1532,.T.);
#1639=PLANE('',#1809);
#1640=PLANE('',#1810);
#1641=PLANE('',#1813);
#1642=PLANE('',#1818);
#1643=PLANE('',#1819);
#1644=PLANE('',#1833);
#1645=PLANE('',#1834);
#1646=PLANE('',#1835);
#1647=PLANE('',#1836);
#1648=PLANE('',#1841);
#1649=PLANE('',#1842);
#1650=PLANE('',#1853);
#1651=PLANE('',#1856);
#1652=PLANE('',#1857);
#1653=PLANE('',#1858);
#1654=PLANE('',#1859);
#1655=PLANE('',#1860);
#1656=PLANE('',#1861);
#1657=PLANE('',#1862);
#1658=PLANE('',#1863);
#1659=PLANE('',#1864);
#1660=PLANE('',#1866);
#1661=PLANE('',#1868);
#1662=PLANE('',#1870);
#1663=PLANE('',#1871);
#1664=PLANE('',#1873);
#1665=PLANE('',#1874);
#1666=PLANE('',#1875);
#1667=PLANE('',#1876);
#1668=PLANE('',#1877);
#1669=PLANE('',#1878);
#1670=PLANE('',#1879);
#1671=PLANE('',#1880);
#1672=PLANE('',#1881);
#1673=PLANE('',#1883);
#1674=PLANE('',#1885);
#1675=PLANE('',#1886);
#1676=PLANE('',#1901);
#1677=PLANE('',#1903);
#1678=PLANE('',#1906);
#1679=PLANE('',#1907);
#1680=PLANE('',#1909);
#1681=PLANE('',#1910);
#1682=PLANE('',#1911);
#1683=PLANE('',#1912);
#1684=PLANE('',#1914);
#1685=PLANE('',#1915);
#1686=PLANE('',#1916);
#1687=PLANE('',#1917);
#1688=PLANE('',#1918);
#1689=PLANE('',#1919);
#1690=PLANE('',#1921);
#1691=PLANE('',#1922);
#1692=PLANE('',#1927);
#1693=PLANE('',#1928);
#1694=PLANE('',#1929);
#1695=PLANE('',#1930);
#1696=PLANE('',#1931);
#1697=PLANE('',#1932);
#1698=PLANE('',#1933);
#1699=PLANE('',#1934);
#1700=PLANE('',#1935);
#1701=PLANE('',#1936);
#1702=PLANE('',#1938);
#1703=PLANE('',#1940);
#1704=PLANE('',#1942);
#1705=PLANE('',#1943);
#1706=ADVANCED_FACE('',(#1533,#1534),#1639,.F.);
#1707=ADVANCED_FACE('',(#1535),#1640,.F.);
#1708=ADVANCED_FACE('',(#1536),#1641,.T.);
#1709=ADVANCED_FACE('',(#1537,#1538),#1642,.T.);
#1710=ADVANCED_FACE('',(#1539,#1540),#1643,.T.);
#1711=ADVANCED_FACE('',(#1541,#1542),#12,.F.);
#1712=ADVANCED_FACE('',(#1543,#1544),#13,.F.);
#1713=ADVANCED_FACE('',(#1545,#1546),#14,.F.);
#1714=ADVANCED_FACE('',(#1547),#1644,.F.);
#1715=ADVANCED_FACE('',(#1548,#1549),#1645,.F.);
#1716=ADVANCED_FACE('',(#1550),#1646,.T.);
#1717=ADVANCED_FACE('',(#1551,#1552),#1647,.F.);
#1718=ADVANCED_FACE('',(#1553),#1648,.F.);
#1719=ADVANCED_FACE('',(#1554),#1649,.T.);
#1720=ADVANCED_FACE('',(#1555),#1650,.T.);
#1721=ADVANCED_FACE('',(#1556,#1557),#1651,.T.);
#1722=ADVANCED_FACE('',(#1558),#1652,.T.);
#1723=ADVANCED_FACE('',(#1559),#1653,.F.);
#1724=ADVANCED_FACE('',(#1560),#1654,.F.);
#1725=ADVANCED_FACE('',(#1561),#1655,.T.);
#1726=ADVANCED_FACE('',(#1562),#1656,.F.);
#1727=ADVANCED_FACE('',(#1563),#1657,.T.);
#1728=ADVANCED_FACE('',(#1564),#1658,.F.);
#1729=ADVANCED_FACE('',(#1565),#1659,.T.);
#1730=ADVANCED_FACE('',(#1566),#15,.F.);
#1731=ADVANCED_FACE('',(#1567),#1660,.F.);
#1732=ADVANCED_FACE('',(#1568),#16,.F.);
#1733=ADVANCED_FACE('',(#1569),#1661,.T.);
#1734=ADVANCED_FACE('',(#1570),#17,.F.);
#1735=ADVANCED_FACE('',(#1571),#1662,.F.);
#1736=ADVANCED_FACE('',(#1572),#1663,.T.);
#1737=ADVANCED_FACE('',(#1573),#18,.F.);
#1738=ADVANCED_FACE('',(#1574),#1664,.T.);
#1739=ADVANCED_FACE('',(#1575),#1665,.F.);
#1740=ADVANCED_FACE('',(#1576),#1666,.T.);
#1741=ADVANCED_FACE('',(#1577),#1667,.F.);
#1742=ADVANCED_FACE('',(#1578),#1668,.T.);
#1743=ADVANCED_FACE('',(#1579),#1669,.F.);
#1744=ADVANCED_FACE('',(#1580),#1670,.T.);
#1745=ADVANCED_FACE('',(#1581),#1671,.F.);
#1746=ADVANCED_FACE('',(#1582),#1672,.T.);
#1747=ADVANCED_FACE('',(#1583),#19,.F.);
#1748=ADVANCED_FACE('',(#1584),#1673,.F.);
#1749=ADVANCED_FACE('',(#1585),#20,.F.);
#1750=ADVANCED_FACE('',(#1586),#1674,.F.);
#1751=ADVANCED_FACE('',(#1587,#1588,#1589,#1590,#1591),#1675,.T.);
#1752=ADVANCED_FACE('',(#1592),#21,.T.);
#1753=ADVANCED_FACE('',(#1593),#22,.T.);
#1754=ADVANCED_FACE('',(#1594),#23,.T.);
#1755=ADVANCED_FACE('',(#1595,#1596),#1676,.T.);
#1756=ADVANCED_FACE('',(#1597,#1598,#1599),#1677,.T.);
#1757=ADVANCED_FACE('',(#1600),#1678,.T.);
#1758=ADVANCED_FACE('',(#1601),#1679,.T.);
#1759=ADVANCED_FACE('',(#1602),#24,.F.);
#1760=ADVANCED_FACE('',(#1603),#1680,.F.);
#1761=ADVANCED_FACE('',(#1604),#1681,.T.);
#1762=ADVANCED_FACE('',(#1605),#1682,.T.);
#1763=ADVANCED_FACE('',(#1606),#1683,.T.);
#1764=ADVANCED_FACE('',(#1607),#25,.F.);
#1765=ADVANCED_FACE('',(#1608),#1684,.F.);
#1766=ADVANCED_FACE('',(#1609),#1685,.T.);
#1767=ADVANCED_FACE('',(#1610),#1686,.F.);
#1768=ADVANCED_FACE('',(#1611),#1687,.F.);
#1769=ADVANCED_FACE('',(#1612),#1688,.F.);
#1770=ADVANCED_FACE('',(#1613),#1689,.T.);
#1771=ADVANCED_FACE('',(#1614),#26,.F.);
#1772=ADVANCED_FACE('',(#1615),#1690,.F.);
#1773=ADVANCED_FACE('',(#1616),#1691,.F.);
#1774=ADVANCED_FACE('',(#1617),#27,.T.);
#1775=ADVANCED_FACE('',(#1618),#28,.T.);
#1776=ADVANCED_FACE('',(#1619),#29,.T.);
#1777=ADVANCED_FACE('',(#1620),#30,.T.);
#1778=ADVANCED_FACE('',(#1621),#1692,.F.);
#1779=ADVANCED_FACE('',(#1622),#1693,.T.);
#1780=ADVANCED_FACE('',(#1623),#1694,.T.);
#1781=ADVANCED_FACE('',(#1624),#1695,.F.);
#1782=ADVANCED_FACE('',(#1625),#1696,.T.);
#1783=ADVANCED_FACE('',(#1626),#1697,.F.);
#1784=ADVANCED_FACE('',(#1627),#1698,.T.);
#1785=ADVANCED_FACE('',(#1628),#1699,.F.);
#1786=ADVANCED_FACE('',(#1629),#1700,.F.);
#1787=ADVANCED_FACE('',(#1630),#1701,.T.);
#1788=ADVANCED_FACE('',(#1631),#31,.F.);
#1789=ADVANCED_FACE('',(#1632),#1702,.F.);
#1790=ADVANCED_FACE('',(#1633),#32,.F.);
#1791=ADVANCED_FACE('',(#1634),#1703,.T.);
#1792=ADVANCED_FACE('',(#1635),#33,.F.);
#1793=ADVANCED_FACE('',(#1636),#1704,.F.);
#1794=ADVANCED_FACE('',(#1637),#1705,.T.);
#1795=ADVANCED_FACE('',(#1638),#34,.F.);
#1796=CLOSED_SHELL('',(#1706,#1707,#1708,#1709,#1710,#1711,#1712,#1713,
#1714,#1715,#1716,#1717,#1718,#1719,#1720,#1721,#1722,#1723,#1724,#1725,
#1726,#1727,#1728,#1729,#1730,#1731,#1732,#1733,#1734,#1735,#1736,#1737,
#1738,#1739,#1740,#1741,#1742,#1743,#1744,#1745,#1746,#1747,#1748,#1749,
#1750,#1751,#1752,#1753,#1754,#1755,#1756,#1757,#1758,#1759,#1760,#1761,
#1762,#1763,#1764,#1765,#1766,#1767,#1768,#1769,#1770,#1771,#1772,#1773,
#1774,#1775,#1776,#1777,#1778,#1779,#1780,#1781,#1782,#1783,#1784,#1785,
#1786,#1787,#1788,#1789,#1790,#1791,#1792,#1793,#1794,#1795));
#1797=STYLED_ITEM('',(#1798),#1805);
#1798=PRESENTATION_STYLE_ASSIGNMENT((#1799));
#1799=SURFACE_STYLE_USAGE(.BOTH.,#1800);
#1800=SURFACE_SIDE_STYLE('',(#1801));
#1801=SURFACE_STYLE_FILL_AREA(#1802);
#1802=FILL_AREA_STYLE('',(#1803));
#1803=FILL_AREA_STYLE_COLOUR('',#1804);
#1804=COLOUR_RGB('',0.615686274509804,0.811764705882353,0.929411764705882);
#1805=MANIFOLD_SOLID_BREP('boite',#1796);
#1806=SHAPE_DEFINITION_REPRESENTATION(#2946,#1807);
#1807=SHAPE_REPRESENTATION('boite',(#1808),#2941);
#1808=AXIS2_PLACEMENT_3D('',#2427,#1945,#1946);
#1809=AXIS2_PLACEMENT_3D('',#2428,#1947,#1948);
#1810=AXIS2_PLACEMENT_3D('',#2465,#1967,#1968);
#1811=AXIS2_PLACEMENT_3D('',#2479,#1976,#1977);
#1812=AXIS2_PLACEMENT_3D('',#2483,#1979,#1980);
#1813=AXIS2_PLACEMENT_3D('',#2488,#1983,#1984);
#1814=AXIS2_PLACEMENT_3D('',#2503,#1992,#1993);
#1815=AXIS2_PLACEMENT_3D('',#2507,#1995,#1996);
#1816=AXIS2_PLACEMENT_3D('',#2511,#1998,#1999);
#1817=AXIS2_PLACEMENT_3D('',#2515,#2001,#2002);
#1818=AXIS2_PLACEMENT_3D('',#2518,#2004,#2005);
#1819=AXIS2_PLACEMENT_3D('',#2534,#2015,#2016);
#1820=AXIS2_PLACEMENT_3D('',#2535,#2017,#2018);
#1821=AXIS2_PLACEMENT_3D('',#2540,#2020,#2021);
#1822=AXIS2_PLACEMENT_3D('',#2544,#2023,#2024);
#1823=AXIS2_PLACEMENT_3D('',#2548,#2026,#2027);
#1824=AXIS2_PLACEMENT_3D('',#2553,#2031,#2032);
#1825=AXIS2_PLACEMENT_3D('',#2554,#2033,#2034);
#1826=AXIS2_PLACEMENT_3D('',#2556,#2035,#2036);
#1827=AXIS2_PLACEMENT_3D('',#2558,#2037,#2038);
#1828=AXIS2_PLACEMENT_3D('',#2559,#2039,#2040);
#1829=AXIS2_PLACEMENT_3D('',#2561,#2041,#2042);
#1830=AXIS2_PLACEMENT_3D('',#2563,#2043,#2044);
#1831=AXIS2_PLACEMENT_3D('',#2564,#2045,#2046);
#1832=AXIS2_PLACEMENT_3D('',#2566,#2047,#2048);
#1833=AXIS2_PLACEMENT_3D('',#2568,#2049,#2050);
#1834=AXIS2_PLACEMENT_3D('',#2577,#2055,#2056);
#1835=AXIS2_PLACEMENT_3D('',#2594,#2065,#2066);
#1836=AXIS2_PLACEMENT_3D('',#2603,#2071,#2072);
#1837=AXIS2_PLACEMENT_3D('',#2612,#2077,#2078);
#1838=AXIS2_PLACEMENT_3D('',#2617,#2080,#2081);
#1839=AXIS2_PLACEMENT_3D('',#2621,#2083,#2084);
#1840=AXIS2_PLACEMENT_3D('',#2625,#2086,#2087);
#1841=AXIS2_PLACEMENT_3D('',#2628,#2089,#2090);
#1842=AXIS2_PLACEMENT_3D('',#2637,#2095,#2096);
#1843=AXIS2_PLACEMENT_3D('',#2641,#2098,#2099);
#1844=AXIS2_PLACEMENT_3D('',#2642,#2100,#2101);
#1845=AXIS2_PLACEMENT_3D('',#2643,#2102,#2103);
#1846=AXIS2_PLACEMENT_3D('',#2644,#2104,#2105);
#1847=AXIS2_PLACEMENT_3D('',#2645,#2106,#2107);
#1848=AXIS2_PLACEMENT_3D('',#2657,#2113,#2114);
#1849=AXIS2_PLACEMENT_3D('',#2667,#2119,#2120);
#1850=AXIS2_PLACEMENT_3D('',#2677,#2125,#2126);
#1851=AXIS2_PLACEMENT_3D('',#2689,#2132,#2133);
#1852=AXIS2_PLACEMENT_3D('',#2690,#2134,#2135);
#1853=AXIS2_PLACEMENT_3D('',#2691,#2136,#2137);
#1854=AXIS2_PLACEMENT_3D('',#2698,#2141,#2142);
#1855=AXIS2_PLACEMENT_3D('',#2702,#2144,#2145);
#1856=AXIS2_PLACEMENT_3D('',#2706,#2148,#2149);
#1857=AXIS2_PLACEMENT_3D('',#2720,#2157,#2158);
#1858=AXIS2_PLACEMENT_3D('',#2726,#2162,#2163);
#1859=AXIS2_PLACEMENT_3D('',#2730,#2166,#2167);
#1860=AXIS2_PLACEMENT_3D('',#2734,#2170,#2171);
#1861=AXIS2_PLACEMENT_3D('',#2736,#2173,#2174);
#1862=AXIS2_PLACEMENT_3D('',#2739,#2177,#2178);
#1863=AXIS2_PLACEMENT_3D('',#2741,#2180,#2181);
#1864=AXIS2_PLACEMENT_3D('',#2743,#2183,#2184);
#1865=AXIS2_PLACEMENT_3D('',#2744,#2185,#2186);
#1866=AXIS2_PLACEMENT_3D('',#2747,#2189,#2190);
#1867=AXIS2_PLACEMENT_3D('',#2749,#2192,#2193);
#1868=AXIS2_PLACEMENT_3D('',#2751,#2195,#2196);
#1869=AXIS2_PLACEMENT_3D('',#2753,#2198,#2199);
#1870=AXIS2_PLACEMENT_3D('',#2757,#2202,#2203);
#1871=AXIS2_PLACEMENT_3D('',#2759,#2205,#2206);
#1872=AXIS2_PLACEMENT_3D('',#2763,#2209,#2210);
#1873=AXIS2_PLACEMENT_3D('',#2765,#2212,#2213);
#1874=AXIS2_PLACEMENT_3D('',#2771,#2217,#2218);
#1875=AXIS2_PLACEMENT_3D('',#2775,#2221,#2222);
#1876=AXIS2_PLACEMENT_3D('',#2779,#2225,#2226);
#1877=AXIS2_PLACEMENT_3D('',#2781,#2228,#2229);
#1878=AXIS2_PLACEMENT_3D('',#2784,#2232,#2233);
#1879=AXIS2_PLACEMENT_3D('',#2786,#2235,#2236);
#1880=AXIS2_PLACEMENT_3D('',#2788,#2238,#2239);
#1881=AXIS2_PLACEMENT_3D('',#2789,#2240,#2241);
#1882=AXIS2_PLACEMENT_3D('',#2794,#2245,#2246);
#1883=AXIS2_PLACEMENT_3D('',#2796,#2248,#2249);
#1884=AXIS2_PLACEMENT_3D('',#2798,#2251,#2252);
#1885=AXIS2_PLACEMENT_3D('',#2800,#2254,#2255);
#1886=AXIS2_PLACEMENT_3D('',#2804,#2258,#2259);
#1887=AXIS2_PLACEMENT_3D('',#2805,#2260,#2261);
#1888=AXIS2_PLACEMENT_3D('',#2810,#2263,#2264);
#1889=AXIS2_PLACEMENT_3D('',#2814,#2266,#2267);
#1890=AXIS2_PLACEMENT_3D('',#2818,#2269,#2270);
#1891=AXIS2_PLACEMENT_3D('',#2821,#2272,#2273);
#1892=AXIS2_PLACEMENT_3D('',#2822,#2274,#2275);
#1893=AXIS2_PLACEMENT_3D('',#2823,#2276,#2277);
#1894=AXIS2_PLACEMENT_3D('',#2824,#2278,#2279);
#1895=AXIS2_PLACEMENT_3D('',#2825,#2280,#2281);
#1896=AXIS2_PLACEMENT_3D('',#2826,#2282,#2283);
#1897=AXIS2_PLACEMENT_3D('',#2827,#2284,#2285);
#1898=AXIS2_PLACEMENT_3D('',#2828,#2286,#2287);
#1899=AXIS2_PLACEMENT_3D('',#2829,#2288,#2289);
#1900=AXIS2_PLACEMENT_3D('',#2830,#2290,#2291);
#1901=AXIS2_PLACEMENT_3D('',#2831,#2292,#2293);
#1902=AXIS2_PLACEMENT_3D('',#2836,#2296,#2297);
#1903=AXIS2_PLACEMENT_3D('',#2843,#2301,#2302);
#1904=AXIS2_PLACEMENT_3D('',#2850,#2306,#2307);
#1905=AXIS2_PLACEMENT_3D('',#2860,#2312,#2313);
#1906=AXIS2_PLACEMENT_3D('',#2867,#2317,#2318);
#1907=AXIS2_PLACEMENT_3D('',#2870,#2321,#2322);
#1908=AXIS2_PLACEMENT_3D('',#2872,#2324,#2325);
#1909=AXIS2_PLACEMENT_3D('',#2874,#2327,#2328);
#1910=AXIS2_PLACEMENT_3D('',#2876,#2330,#2331);
#1911=AXIS2_PLACEMENT_3D('',#2878,#2333,#2334);
#1912=AXIS2_PLACEMENT_3D('',#2880,#2336,#2337);
#1913=AXIS2_PLACEMENT_3D('',#2882,#2339,#2340);
#1914=AXIS2_PLACEMENT_3D('',#2884,#2342,#2343);
#1915=AXIS2_PLACEMENT_3D('',#2886,#2345,#2346);
#1916=AXIS2_PLACEMENT_3D('',#2888,#2348,#2349);
#1917=AXIS2_PLACEMENT_3D('',#2889,#2350,#2351);
#1918=AXIS2_PLACEMENT_3D('',#2891,#2353,#2354);
#1919=AXIS2_PLACEMENT_3D('',#2893,#2356,#2357);
#1920=AXIS2_PLACEMENT_3D('',#2895,#2359,#2360);
#1921=AXIS2_PLACEMENT_3D('',#2897,#2362,#2363);
#1922=AXIS2_PLACEMENT_3D('',#2899,#2365,#2366);
#1923=AXIS2_PLACEMENT_3D('',#2900,#2367,#2368);
#1924=AXIS2_PLACEMENT_3D('',#2901,#2369,#2370);
#1925=AXIS2_PLACEMENT_3D('',#2902,#2371,#2372);
#1926=AXIS2_PLACEMENT_3D('',#2903,#2373,#2374);
#1927=AXIS2_PLACEMENT_3D('',#2904,#2375,#2376);
#1928=AXIS2_PLACEMENT_3D('',#2906,#2378,#2379);
#1929=AXIS2_PLACEMENT_3D('',#2907,#2380,#2381);
#1930=AXIS2_PLACEMENT_3D('',#2909,#2383,#2384);
#1931=AXIS2_PLACEMENT_3D('',#2910,#2385,#2386);
#1932=AXIS2_PLACEMENT_3D('',#2914,#2389,#2390);
#1933=AXIS2_PLACEMENT_3D('',#2916,#2392,#2393);
#1934=AXIS2_PLACEMENT_3D('',#2917,#2394,#2395);
#1935=AXIS2_PLACEMENT_3D('',#2921,#2398,#2399);
#1936=AXIS2_PLACEMENT_3D('',#2923,#2401,#2402);
#1937=AXIS2_PLACEMENT_3D('',#2924,#2403,#2404);
#1938=AXIS2_PLACEMENT_3D('',#2927,#2407,#2408);
#1939=AXIS2_PLACEMENT_3D('',#2929,#2410,#2411);
#1940=AXIS2_PLACEMENT_3D('',#2931,#2413,#2414);
#1941=AXIS2_PLACEMENT_3D('',#2933,#2416,#2417);
#1942=AXIS2_PLACEMENT_3D('',#2935,#2419,#2420);
#1943=AXIS2_PLACEMENT_3D('',#2937,#2422,#2423);
#1944=AXIS2_PLACEMENT_3D('',#2939,#2425,#2426);
#1945=DIRECTION('',(0.,0.,1.));
#1946=DIRECTION('',(1.,0.,0.));
#1947=DIRECTION('',(1.20760422970888E-16,-1.,0.));
#1948=DIRECTION('',(1.,1.20760422970888E-16,0.));
#1949=DIRECTION('',(-1.,-1.20760422970888E-16,0.));
#1950=DIRECTION('',(0.,0.,1.));
#1951=DIRECTION('',(-1.,-1.20760422970888E-16,0.));
#1952=DIRECTION('',(0.,0.,1.));
#1953=DIRECTION('',(0.5,6.03802114854442E-17,0.866025403784438));
#1954=DIRECTION('',(-1.,-1.20760422970888E-16,0.));
#1955=DIRECTION('',(0.,0.,-1.));
#1956=DIRECTION('',(-1.,-1.20760422970888E-16,0.));
#1957=DIRECTION('',(2.16840434497101E-16,2.6185742587061E-32,1.));
#1958=DIRECTION('',(-1.,-1.20760422970888E-16,0.));
#1959=DIRECTION('',(0.,0.,1.));
#1960=DIRECTION('',(1.,1.20760422970888E-16,0.));
#1961=DIRECTION('',(0.,0.,-1.));
#1962=DIRECTION('',(-1.,-1.20760422970888E-16,0.));
#1963=DIRECTION('',(-0.5,-6.03802114854442E-17,0.866025403784439));
#1964=DIRECTION('',(0.,0.,-1.));
#1965=DIRECTION('',(-1.,-1.20760422970888E-16,0.));
#1966=DIRECTION('',(0.,0.,-1.));
#1967=DIRECTION('',(-1.,-1.73645993591272E-16,0.));
#1968=DIRECTION('',(1.73645993591272E-16,-1.,0.));
#1969=DIRECTION('',(1.20760422970888E-16,-1.,0.));
#1970=DIRECTION('',(0.,0.,-1.));
#1971=DIRECTION('',(1.20760422970888E-16,-1.,0.));
#1972=DIRECTION('',(1.20760422970888E-16,-1.,0.));
#1973=DIRECTION('',(0.,0.,-1.));
#1974=DIRECTION('',(-1.73645993591272E-16,1.,0.));
#1975=DIRECTION('',(0.,0.,1.));
#1976=DIRECTION('',(-1.,-1.73645993591272E-16,0.));
#1977=DIRECTION('',(1.73645993591272E-16,-1.,0.));
#1978=DIRECTION('',(-1.73645993591272E-16,1.,0.));
#1979=DIRECTION('',(-1.,-1.73645993591272E-16,0.));
#1980=DIRECTION('',(1.73645993591272E-16,-1.,0.));
#1981=DIRECTION('',(0.,0.,1.));
#1982=DIRECTION('',(-1.73645993591272E-16,1.,0.));
#1983=DIRECTION('',(0.,-1.,0.));
#1984=DIRECTION('',(0.,0.,-1.));
#1985=DIRECTION('',(-1.,0.,0.));
#1986=DIRECTION('',(0.,0.,-1.));
#1987=DIRECTION('',(-1.,0.,0.));
#1988=DIRECTION('',(-2.16840434497101E-16,0.,-1.));
#1989=DIRECTION('',(1.,0.,0.));
#1990=DIRECTION('',(0.,0.,-1.));
#1991=DIRECTION('',(-1.,0.,0.));
#1992=DIRECTION('',(0.,-1.,0.));
#1993=DIRECTION('',(0.,0.,-1.));
#1994=DIRECTION('',(-5.42101086242752E-17,0.,-1.));
#1995=DIRECTION('',(0.,-1.,0.));
#1996=DIRECTION('',(0.,0.,-1.));
#1997=DIRECTION('',(-1.,0.,0.));
#1998=DIRECTION('',(0.,-1.,0.));
#1999=DIRECTION('',(0.,0.,-1.));
#2000=DIRECTION('',(0.,0.,-1.));
#2001=DIRECTION('',(0.,-1.,0.));
#2002=DIRECTION('',(0.,0.,-1.));
#2003=DIRECTION('',(-1.,0.,0.));
#2004=DIRECTION('',(-1.,-1.84498868190726E-16,0.));
#2005=DIRECTION('',(1.84498868190726E-16,-1.,0.));
#2006=DIRECTION('',(1.20760422970888E-16,-1.,0.));
#2007=DIRECTION('',(0.,0.,-1.));
#2008=DIRECTION('',(1.20760422970888E-16,-1.,0.));
#2009=DIRECTION('',(-1.84498868190726E-16,1.,0.));
#2010=DIRECTION('',(1.20760422970888E-16,-1.,0.));
#2011=DIRECTION('',(0.,0.,1.));
#2012=DIRECTION('',(1.84498868190726E-16,-1.,-1.7347234759768E-16));
#2013=DIRECTION('',(0.,0.,1.));
#2014=DIRECTION('',(1.84498868190726E-16,-1.,-1.7347234759768E-16));
#2015=DIRECTION('',(0.,0.,1.));
#2016=DIRECTION('',(1.,0.,0.));
#2017=DIRECTION('',(0.,0.,1.));
#2018=DIRECTION('',(1.,0.,0.));
#2019=DIRECTION('',(0.,-1.,0.));
#2020=DIRECTION('',(0.,0.,1.));
#2021=DIRECTION('',(1.,0.,0.));
#2022=DIRECTION('',(-1.,0.,0.));
#2023=DIRECTION('',(0.,0.,1.));
#2024=DIRECTION('',(1.,0.,0.));
#2025=DIRECTION('',(0.,-1.,0.));
#2026=DIRECTION('',(0.,0.,1.));
#2027=DIRECTION('',(1.,0.,0.));
#2028=DIRECTION('',(-1.,0.,0.));
#2029=DIRECTION('',(1.20760422970888E-16,-1.,0.));
#2030=DIRECTION('',(1.20760422970888E-16,-1.,0.));
#2031=DIRECTION('',(0.,0.,1.));
#2032=DIRECTION('',(1.,0.,0.));
#2033=DIRECTION('',(0.,0.,-1.));
#2034=DIRECTION('',(-1.,0.,0.));
#2035=DIRECTION('',(0.,0.,1.));
#2036=DIRECTION('',(1.,0.,0.));
#2037=DIRECTION('',(0.,0.,1.));
#2038=DIRECTION('',(1.,0.,0.));
#2039=DIRECTION('',(0.,0.,-1.));
#2040=DIRECTION('',(-1.,0.,0.));
#2041=DIRECTION('',(0.,0.,1.));
#2042=DIRECTION('',(1.,0.,0.));
#2043=DIRECTION('',(0.,0.,1.));
#2044=DIRECTION('',(1.,0.,0.));
#2045=DIRECTION('',(0.,0.,-1.));
#2046=DIRECTION('',(-1.,0.,0.));
#2047=DIRECTION('',(0.,0.,1.));
#2048=DIRECTION('',(1.,0.,0.));
#2049=DIRECTION('',(0.,-1.,0.));
#2050=DIRECTION('',(0.,0.,-1.));
#2051=DIRECTION('',(-1.,0.,0.));
#2052=DIRECTION('',(0.,0.,-1.));
#2053=DIRECTION('',(-1.,0.,0.));
#2054=DIRECTION('',(0.,0.,1.));
#2055=DIRECTION('',(-1.,-1.84498868190726E-16,0.));
#2056=DIRECTION('',(1.84498868190726E-16,-1.,0.));
#2057=DIRECTION('',(1.84498868190726E-16,-1.,-1.7347234759768E-16));
#2058=DIRECTION('',(0.,0.,1.));
#2059=DIRECTION('',(-1.84498868190726E-16,1.,1.7347234759768E-16));
#2060=DIRECTION('',(0.,0.,-1.));
#2061=DIRECTION('',(-1.84498868190726E-16,1.,0.));
#2062=DIRECTION('',(0.,0.,-1.));
#2063=DIRECTION('',(-1.84498868190726E-16,1.,0.));
#2064=DIRECTION('',(0.,0.,1.));
#2065=DIRECTION('',(1.20760422970888E-16,-1.,0.));
#2066=DIRECTION('',(1.,1.20760422970888E-16,0.));
#2067=DIRECTION('',(-1.,-1.20760422970888E-16,0.));
#2068=DIRECTION('',(0.,0.,-1.));
#2069=DIRECTION('',(-1.,-1.20760422970888E-16,0.));
#2070=DIRECTION('',(0.,0.,1.));
#2071=DIRECTION('',(0.,-1.,0.));
#2072=DIRECTION('',(0.,0.,-1.));
#2073=DIRECTION('',(-1.,0.,0.));
#2074=DIRECTION('',(0.,0.,-1.));
#2075=DIRECTION('',(-1.,0.,0.));
#2076=DIRECTION('',(0.,0.,1.));
#2077=DIRECTION('',(0.,1.,0.));
#2078=DIRECTION('',(0.,0.,1.));
#2079=DIRECTION('',(-5.42101086242752E-17,0.,-1.));
#2080=DIRECTION('',(0.,1.,0.));
#2081=DIRECTION('',(0.,0.,1.));
#2082=DIRECTION('',(-1.,0.,0.));
#2083=DIRECTION('',(0.,1.,0.));
#2084=DIRECTION('',(0.,0.,1.));
#2085=DIRECTION('',(0.,0.,-1.));
#2086=DIRECTION('',(0.,1.,0.));
#2087=DIRECTION('',(0.,0.,1.));
#2088=DIRECTION('',(-1.,0.,0.));
#2089=DIRECTION('',(-1.,-1.84498868190726E-16,0.));
#2090=DIRECTION('',(1.84498868190726E-16,-1.,0.));
#2091=DIRECTION('',(-1.84498868190726E-16,1.,0.));
#2092=DIRECTION('',(0.,0.,-1.));
#2093=DIRECTION('',(-1.84498868190726E-16,1.,0.));
#2094=DIRECTION('',(0.,0.,1.));
#2095=DIRECTION('',(0.,0.,1.));
#2096=DIRECTION('',(1.,0.,0.));
#2097=DIRECTION('',(-1.,-1.20760422970888E-16,0.));
#2098=DIRECTION('',(0.,0.,1.));
#2099=DIRECTION('',(1.,0.,0.));
#2100=DIRECTION('',(0.,0.,-1.));
#2101=DIRECTION('',(1.,0.,0.));
#2102=DIRECTION('',(0.,0.,1.));
#2103=DIRECTION('',(1.,0.,0.));
#2104=DIRECTION('',(0.,0.,-1.));
#2105=DIRECTION('',(1.,0.,0.));
#2106=DIRECTION('',(0.,0.,1.));
#2107=DIRECTION('',(1.,0.,0.));
#2108=DIRECTION('',(-1.73645993591272E-16,1.,0.));
#2109=DIRECTION('',(-1.,-1.73645993591272E-16,0.));
#2110=DIRECTION('',(8.47032947254301E-17,-1.,0.));
#2111=DIRECTION('',(1.,0.,0.));
#2112=DIRECTION('',(0.,-1.,0.));
#2113=DIRECTION('',(0.,0.,-1.));
#2114=DIRECTION('',(1.,0.,0.));
#2115=DIRECTION('',(0.,-1.,0.));
#2116=DIRECTION('',(1.,0.,0.));
#2117=DIRECTION('',(6.28357423463676E-17,-1.,0.));
#2118=DIRECTION('',(-1.,0.,0.));
#2119=DIRECTION('',(0.,0.,-1.));
#2120=DIRECTION('',(1.,0.,0.));
#2121=DIRECTION('',(-1.,0.,0.));
#2122=DIRECTION('',(6.28357423463676E-17,-1.,0.));
#2123=DIRECTION('',(1.,0.,0.));
#2124=DIRECTION('',(0.,1.,0.));
#2125=DIRECTION('',(0.,0.,1.));
#2126=DIRECTION('',(1.,0.,0.));
#2127=DIRECTION('',(0.,1.,0.));
#2128=DIRECTION('',(1.,0.,0.));
#2129=DIRECTION('',(8.47032947254301E-17,-1.,0.));
#2130=DIRECTION('',(-1.,-1.73645993591272E-16,0.));
#2131=DIRECTION('',(-1.73645993591272E-16,1.,0.));
#2132=DIRECTION('',(0.,0.,1.));
#2133=DIRECTION('',(1.,0.,0.));
#2134=DIRECTION('',(0.,0.,1.));
#2135=DIRECTION('',(1.,0.,0.));
#2136=DIRECTION('',(-1.,-1.73645993591272E-16,0.));
#2137=DIRECTION('',(1.73645993591272E-16,-1.,0.));
#2138=DIRECTION('',(-1.73645993591272E-16,1.,0.));
#2139=DIRECTION('',(0.,0.,-1.));
#2140=DIRECTION('',(0.,0.,-1.));
#2141=DIRECTION('',(-1.,-1.73645993591272E-16,0.));
#2142=DIRECTION('',(1.73645993591272E-16,-1.,0.));
#2143=DIRECTION('',(1.73645993591272E-16,-1.,0.));
#2144=DIRECTION('',(-1.,-1.73645993591272E-16,0.));
#2145=DIRECTION('',(1.73645993591272E-16,-1.,0.));
#2146=DIRECTION('',(0.,0.,-1.));
#2147=DIRECTION('',(0.,0.,-1.));
#2148=DIRECTION('',(1.20760422970888E-16,-1.,0.));
#2149=DIRECTION('',(1.,1.20760422970888E-16,0.));
#2150=DIRECTION('',(-1.,-1.20760422970888E-16,0.));
#2151=DIRECTION('',(0.,0.,-1.));
#2152=DIRECTION('',(0.,0.,1.));
#2153=DIRECTION('',(1.,1.20760422970888E-16,0.));
#2154=DIRECTION('',(0.,0.,-1.));
#2155=DIRECTION('',(-1.,-1.20760422970888E-16,0.));
#2156=DIRECTION('',(0.,0.,1.));
#2157=DIRECTION('',(3.20054517941604E-32,-1.7347234759768E-16,1.));
#2158=DIRECTION('',(0.,-1.,-1.7347234759768E-16));
#2159=DIRECTION('',(1.,1.84498868190726E-16,0.));
#2160=DIRECTION('',(-1.84498868190726E-16,1.,1.7347234759768E-16));
#2161=DIRECTION('',(1.,1.84498868190726E-16,0.));
#2162=DIRECTION('',(-1.84498868190726E-16,1.,0.));
#2163=DIRECTION('',(-1.,-1.84498868190726E-16,0.));
#2164=DIRECTION('',(0.,0.,1.));
#2165=DIRECTION('',(1.,1.84498868190726E-16,0.));
#2166=DIRECTION('',(3.20054517941604E-32,-1.7347234759768E-16,1.));
#2167=DIRECTION('',(0.,-1.,-1.7347234759768E-16));
#2168=DIRECTION('',(1.84498868190726E-16,-1.,-1.7347234759768E-16));
#2169=DIRECTION('',(1.,1.84498868190726E-16,0.));
#2170=DIRECTION('',(-1.84498868190726E-16,1.,0.));
#2171=DIRECTION('',(-1.,-1.84498868190726E-16,0.));
#2172=DIRECTION('',(0.,0.,-1.));
#2173=DIRECTION('',(-0.707106781186548,0.707106781186547,0.));
#2174=DIRECTION('',(0.,0.,1.));
#2175=DIRECTION('',(0.577350269189625,0.577350269189626,0.577350269189626));
#2176=DIRECTION('',(-0.577350269189626,-0.577350269189626,0.577350269189626));
#2177=DIRECTION('',(0.707106781186548,7.79692748423586E-18,0.707106781186548));
#2178=DIRECTION('',(-1.84498868190726E-16,1.,1.7347234759768E-16));
#2179=DIRECTION('',(0.577350269189626,-0.577350269189626,-0.577350269189626));
#2180=DIRECTION('',(-0.707106781186548,-2.53123874153575E-16,0.707106781186547));
#2181=DIRECTION('',(1.84498868190726E-16,-1.,-1.7347234759768E-16));
#2182=DIRECTION('',(0.577350269189626,-0.577350269189626,0.577350269189626));
#2183=DIRECTION('',(0.707106781186548,0.707106781186547,0.));
#2184=DIRECTION('',(0.,0.,-1.));
#2185=DIRECTION('',(0.,1.,0.));
#2186=DIRECTION('',(0.,0.,1.));
#2187=DIRECTION('',(0.,1.,0.));
#2188=DIRECTION('',(0.,1.,0.));
#2189=DIRECTION('',(0.,0.,-1.));
#2190=DIRECTION('',(-1.,0.,0.));
#2191=DIRECTION('',(0.,1.,0.));
#2192=DIRECTION('',(0.,1.,0.));
#2193=DIRECTION('',(0.,0.,1.));
#2194=DIRECTION('',(0.,1.,0.));
#2195=DIRECTION('',(1.,0.,0.));
#2196=DIRECTION('',(0.,0.,-1.));
#2197=DIRECTION('',(0.,1.,0.));
#2198=DIRECTION('',(0.,1.,0.));
#2199=DIRECTION('',(0.,0.,1.));
#2200=DIRECTION('',(0.,1.,0.));
#2201=DIRECTION('',(0.,1.,0.));
#2202=DIRECTION('',(1.,0.,-5.42101086242752E-17));
#2203=DIRECTION('',(-5.42101086242752E-17,0.,-1.));
#2204=DIRECTION('',(0.,1.,0.));
#2205=DIRECTION('',(0.,0.,-1.));
#2206=DIRECTION('',(-1.,0.,0.));
#2207=DIRECTION('',(1.,0.,0.));
#2208=DIRECTION('',(0.,1.,0.));
#2209=DIRECTION('',(0.,1.,0.));
#2210=DIRECTION('',(0.,0.,1.));
#2211=DIRECTION('',(0.,1.,0.));
#2212=DIRECTION('',(-1.,-1.20760422970888E-16,0.));
#2213=DIRECTION('',(1.20760422970888E-16,-1.,0.));
#2214=DIRECTION('',(1.20760422970888E-16,-1.,0.));
#2215=DIRECTION('',(0.,0.,1.));
#2216=DIRECTION('',(1.20760422970888E-16,-1.,0.));
#2217=DIRECTION('',(0.,0.,-1.));
#2218=DIRECTION('',(-1.,0.,0.));
#2219=DIRECTION('',(1.20760422970888E-16,-1.,0.));
#2220=DIRECTION('',(1.,1.20760422970888E-16,0.));
#2221=DIRECTION('',(0.,0.,-1.));
#2222=DIRECTION('',(-1.,0.,0.));
#2223=DIRECTION('',(-1.,-1.20760422970888E-16,0.));
#2224=DIRECTION('',(1.20760422970888E-16,-1.,0.));
#2225=DIRECTION('',(-1.,-1.20760422970888E-16,0.));
#2226=DIRECTION('',(1.20760422970888E-16,-1.,0.));
#2227=DIRECTION('',(0.,0.,-1.));
#2228=DIRECTION('',(0.707106781186548,-0.707106781186548,0.));
#2229=DIRECTION('',(0.,0.,1.));
#2230=DIRECTION('',(-0.577350269189626,-0.577350269189626,-0.577350269189626));
#2231=DIRECTION('',(0.577350269189626,0.577350269189626,-0.577350269189625));
#2232=DIRECTION('',(-8.53905139816708E-17,0.707106781186547,0.707106781186548));
#2233=DIRECTION('',(1.,1.20760422970888E-16,0.));
#2234=DIRECTION('',(0.577350269189626,-0.577350269189626,0.577350269189626));
#2235=DIRECTION('',(8.53905139816709E-17,-0.707106781186548,0.707106781186547));
#2236=DIRECTION('',(-1.,-1.20760422970888E-16,0.));
#2237=DIRECTION('',(0.577350269189626,-0.577350269189626,-0.577350269189626));
#2238=DIRECTION('',(0.707106781186548,0.707106781186548,0.));
#2239=DIRECTION('',(0.,0.,-1.));
#2240=DIRECTION('',(-1.73645993591272E-16,1.,0.));
#2241=DIRECTION('',(-1.,-1.73645993591272E-16,0.));
#2242=DIRECTION('',(-1.,-1.73645993591272E-16,0.));
#2243=DIRECTION('',(-1.,-1.73645993591272E-16,0.));
#2244=DIRECTION('',(0.,0.,1.));
#2245=DIRECTION('',(-1.,-1.73645993591272E-16,0.));
#2246=DIRECTION('',(1.73645993591272E-16,-1.,0.));
#2247=DIRECTION('',(-1.,-1.73645993591272E-16,0.));
#2248=DIRECTION('',(0.,0.,-1.));
#2249=DIRECTION('',(-1.,0.,0.));
#2250=DIRECTION('',(-1.,-1.73645993591272E-16,0.));
#2251=DIRECTION('',(-1.,-1.73645993591272E-16,0.));
#2252=DIRECTION('',(1.73645993591272E-16,-1.,0.));
#2253=DIRECTION('',(-1.,-1.73645993591272E-16,0.));
#2254=DIRECTION('',(-1.73645993591272E-16,1.,0.));
#2255=DIRECTION('',(-1.,-1.73645993591272E-16,0.));
#2256=DIRECTION('',(-1.,-1.73645993591272E-16,0.));
#2257=DIRECTION('',(0.,0.,1.));
#2258=DIRECTION('',(0.,0.,-1.));
#2259=DIRECTION('',(1.,0.,0.));
#2260=DIRECTION('',(0.,0.,-1.));
#2261=DIRECTION('',(-1.,0.,0.));
#2262=DIRECTION('',(0.,-1.,0.));
#2263=DIRECTION('',(0.,0.,-1.));
#2264=DIRECTION('',(-1.,0.,0.));
#2265=DIRECTION('',(-1.,0.,0.));
#2266=DIRECTION('',(0.,0.,-1.));
#2267=DIRECTION('',(-1.,0.,0.));
#2268=DIRECTION('',(0.,-1.,0.));
#2269=DIRECTION('',(0.,0.,-1.));
#2270=DIRECTION('',(-1.,0.,0.));
#2271=DIRECTION('',(-1.,0.,0.));
#2272=DIRECTION('',(0.,0.,-1.));
#2273=DIRECTION('',(-1.,0.,0.));
#2274=DIRECTION('',(0.,0.,-1.));
#2275=DIRECTION('',(-1.,0.,0.));
#2276=DIRECTION('',(0.,0.,-1.));
#2277=DIRECTION('',(-1.,0.,0.));
#2278=DIRECTION('',(0.,0.,-1.));
#2279=DIRECTION('',(-1.,0.,0.));
#2280=DIRECTION('',(0.,0.,-1.));
#2281=DIRECTION('',(-1.,0.,0.));
#2282=DIRECTION('',(0.,0.,-1.));
#2283=DIRECTION('',(-1.,0.,0.));
#2284=DIRECTION('',(0.,0.,-1.));
#2285=DIRECTION('',(-1.,0.,0.));
#2286=DIRECTION('',(0.,0.,1.));
#2287=DIRECTION('',(1.,0.,0.));
#2288=DIRECTION('',(0.,0.,1.));
#2289=DIRECTION('',(1.,0.,0.));
#2290=DIRECTION('',(0.,0.,1.));
#2291=DIRECTION('',(1.,0.,0.));
#2292=DIRECTION('',(0.,0.,1.));
#2293=DIRECTION('',(1.,0.,0.));
#2294=DIRECTION('',(1.,0.,0.));
#2295=DIRECTION('',(0.,-1.,0.));
#2296=DIRECTION('',(0.,0.,-1.));
#2297=DIRECTION('',(1.,0.,0.));
#2298=DIRECTION('',(0.,-1.,0.));
#2299=DIRECTION('',(1.,0.,0.));
#2300=DIRECTION('',(8.47032947254301E-17,-1.,0.));
#2301=DIRECTION('',(0.,0.,1.));
#2302=DIRECTION('',(1.,0.,0.));
#2303=DIRECTION('',(8.47032947254301E-17,-1.,0.));
#2304=DIRECTION('',(1.,0.,0.));
#2305=DIRECTION('',(0.,1.,0.));
#2306=DIRECTION('',(0.,0.,1.));
#2307=DIRECTION('',(1.,0.,0.));
#2308=DIRECTION('',(0.,1.,0.));
#2309=DIRECTION('',(1.,0.,0.));
#2310=DIRECTION('',(6.28357423463676E-17,-1.,0.));
#2311=DIRECTION('',(-1.,0.,0.));
#2312=DIRECTION('',(0.,0.,-1.));
#2313=DIRECTION('',(1.,0.,0.));
#2314=DIRECTION('',(-1.,0.,0.));
#2315=DIRECTION('',(6.28357423463676E-17,-1.,0.));
#2316=DIRECTION('',(1.,0.,0.));
#2317=DIRECTION('',(-1.,-6.28357423463676E-17,0.));
#2318=DIRECTION('',(6.28357423463676E-17,-1.,0.));
#2319=DIRECTION('',(0.,0.,1.));
#2320=DIRECTION('',(0.,0.,1.));
#2321=DIRECTION('',(0.,1.,0.));
#2322=DIRECTION('',(0.,0.,1.));
#2323=DIRECTION('',(0.,0.,1.));
#2324=DIRECTION('',(0.,0.,1.));
#2325=DIRECTION('',(1.,0.,0.));
#2326=DIRECTION('',(0.,0.,1.));
#2327=DIRECTION('',(0.,1.,0.));
#2328=DIRECTION('',(0.,0.,1.));
#2329=DIRECTION('',(0.,0.,1.));
#2330=DIRECTION('',(-1.,-6.28357423463676E-17,0.));
#2331=DIRECTION('',(6.28357423463676E-17,-1.,0.));
#2332=DIRECTION('',(0.,0.,1.));
#2333=DIRECTION('',(0.,-1.,0.));
#2334=DIRECTION('',(0.,0.,-1.));
#2335=DIRECTION('',(0.,0.,1.));
#2336=DIRECTION('',(-1.,0.,0.));
#2337=DIRECTION('',(0.,0.,1.));
#2338=DIRECTION('',(0.,0.,1.));
#2339=DIRECTION('',(0.,0.,1.));
#2340=DIRECTION('',(1.,0.,0.));
#2341=DIRECTION('',(0.,0.,1.));
#2342=DIRECTION('',(-1.,0.,0.));
#2343=DIRECTION('',(0.,0.,1.));
#2344=DIRECTION('',(0.,0.,1.));
#2345=DIRECTION('',(0.,-1.,0.));
#2346=DIRECTION('',(0.,0.,-1.));
#2347=DIRECTION('',(0.,0.,1.));
#2348=DIRECTION('',(-1.,-8.47032947254301E-17,0.));
#2349=DIRECTION('',(8.47032947254301E-17,-1.,0.));
#2350=DIRECTION('',(-1.,-8.47032947254301E-17,0.));
#2351=DIRECTION('',(8.47032947254301E-17,-1.,0.));
#2352=DIRECTION('',(0.,0.,1.));
#2353=DIRECTION('',(0.,-1.,0.));
#2354=DIRECTION('',(0.,0.,-1.));
#2355=DIRECTION('',(0.,0.,1.));
#2356=DIRECTION('',(1.,0.,0.));
#2357=DIRECTION('',(0.,0.,-1.));
#2358=DIRECTION('',(0.,0.,1.));
#2359=DIRECTION('',(0.,0.,1.));
#2360=DIRECTION('',(1.,0.,0.));
#2361=DIRECTION('',(0.,0.,1.));
#2362=DIRECTION('',(1.,0.,0.));
#2363=DIRECTION('',(0.,0.,-1.));
#2364=DIRECTION('',(0.,0.,1.));
#2365=DIRECTION('',(0.,-1.,0.));
#2366=DIRECTION('',(0.,0.,-1.));
#2367=DIRECTION('',(0.,0.,1.));
#2368=DIRECTION('',(1.,0.,0.));
#2369=DIRECTION('',(0.,0.,-1.));
#2370=DIRECTION('',(-1.,0.,0.));
#2371=DIRECTION('',(0.,0.,-1.));
#2372=DIRECTION('',(-1.,0.,0.));
#2373=DIRECTION('',(0.,0.,1.));
#2374=DIRECTION('',(1.,0.,0.));
#2375=DIRECTION('',(1.,1.20760422970888E-16,-2.16840434497101E-16));
#2376=DIRECTION('',(-2.16840434497101E-16,0.,-1.));
#2377=DIRECTION('',(1.20760422970888E-16,-1.,0.));
#2378=DIRECTION('',(0.,0.,1.));
#2379=DIRECTION('',(1.,0.,0.));
#2380=DIRECTION('',(1.,1.20760422970888E-16,0.));
#2381=DIRECTION('',(-1.20760422970888E-16,1.,0.));
#2382=DIRECTION('',(1.20760422970888E-16,-1.,0.));
#2383=DIRECTION('',(0.,0.,-1.));
#2384=DIRECTION('',(-1.,0.,0.));
#2385=DIRECTION('',(0.866025403784439,1.04581594064543E-16,0.5));
#2386=DIRECTION('',(0.5,0.,-0.866025403784439));
#2387=DIRECTION('',(1.20760422970888E-16,-1.,0.));
#2388=DIRECTION('',(-0.5,-6.03802114854442E-17,0.866025403784439));
#2389=DIRECTION('',(0.,0.,1.));
#2390=DIRECTION('',(1.,0.,0.));
#2391=DIRECTION('',(-1.,-1.20760422970888E-16,0.));
#2392=DIRECTION('',(-1.20760422970888E-16,1.,0.));
#2393=DIRECTION('',(-1.,-1.20760422970888E-16,0.));
#2394=DIRECTION('',(0.,0.,1.));
#2395=DIRECTION('',(1.,0.,0.));
#2396=DIRECTION('',(1.20760422970888E-16,-1.,0.));
#2397=DIRECTION('',(-1.,-1.20760422970888E-16,0.));
#2398=DIRECTION('',(0.866025403784439,1.04581594064543E-16,-0.5));
#2399=DIRECTION('',(-0.5,0.,-0.866025403784438));
#2400=DIRECTION('',(0.5,6.03802114854442E-17,0.866025403784438));
#2401=DIRECTION('',(-1.20760422970888E-16,1.,0.));
#2402=DIRECTION('',(-1.,-1.20760422970888E-16,0.));
#2403=DIRECTION('',(0.,0.,-1.));
#2404=DIRECTION('',(-1.,0.,0.));
#2405=DIRECTION('',(0.,0.,-1.));
#2406=DIRECTION('',(0.,0.,-1.));
#2407=DIRECTION('',(0.,-1.,0.));
#2408=DIRECTION('',(0.,0.,-1.));
#2409=DIRECTION('',(0.,0.,-1.));
#2410=DIRECTION('',(0.,0.,-1.));
#2411=DIRECTION('',(-1.,0.,0.));
#2412=DIRECTION('',(0.,0.,-1.));
#2413=DIRECTION('',(1.,0.,0.));
#2414=DIRECTION('',(0.,0.,-1.));
#2415=DIRECTION('',(0.,0.,-1.));
#2416=DIRECTION('',(0.,0.,-1.));
#2417=DIRECTION('',(-1.,0.,0.));
#2418=DIRECTION('',(0.,0.,-1.));
#2419=DIRECTION('',(1.,0.,0.));
#2420=DIRECTION('',(0.,0.,-1.));
#2421=DIRECTION('',(0.,0.,-1.));
#2422=DIRECTION('',(0.,-1.,0.));
#2423=DIRECTION('',(0.,0.,-1.));
#2424=DIRECTION('',(0.,0.,-1.));
#2425=DIRECTION('',(0.,0.,-1.));
#2426=DIRECTION('',(-1.,0.,0.));
#2427=CARTESIAN_POINT('',(0.,0.,0.));
#2428=CARTESIAN_POINT('',(-0.013865,-0.0005,0.019));
#2429=CARTESIAN_POINT('',(-0.008,-0.0005,0.0055));
#2430=CARTESIAN_POINT('',(-0.002,-0.0005,0.0055));
#2431=CARTESIAN_POINT('',(-0.014,-0.0005,0.0055));
#2432=CARTESIAN_POINT('',(-0.014,-0.0005,0.003));
#2433=CARTESIAN_POINT('',(-0.014,-0.0005,0.0005));
#2434=CARTESIAN_POINT('',(-0.008,-0.0005,0.0005));
#2435=CARTESIAN_POINT('',(-0.002,-0.0005,0.0005));
#2436=CARTESIAN_POINT('',(-0.002,-0.0005,0.003));
#2437=CARTESIAN_POINT('',(0.000225000000000008,-0.0005,0.00198631397208144));
#2438=CARTESIAN_POINT('',(-4.99999999999929E-5,-0.0005,0.00151));
#2439=CARTESIAN_POINT('',(0.000500000000000009,-0.0005,0.00246262794416289));
#2440=CARTESIAN_POINT('',(0.000250000000000005,-0.0005,0.00151));
#2441=CARTESIAN_POINT('',(0.000500000000000008,-0.0005,0.00151));
#2442=CARTESIAN_POINT('',(0.000500000000000008,-0.0005,0.019));
#2443=CARTESIAN_POINT('',(0.000500000000000008,-0.0005,0.));
#2444=CARTESIAN_POINT('',(8.02309607639273E-18,-0.0005,0.));
#2445=CARTESIAN_POINT('',(-0.000499999999999992,-0.0005,0.));
#2446=CARTESIAN_POINT('',(-0.000499999999999992,-0.0005,-0.001));
#2447=CARTESIAN_POINT('',(-0.000499999999999992,-0.0005,-0.002));
#2448=CARTESIAN_POINT('',(-0.013865,-0.0005,-0.002));
#2449=CARTESIAN_POINT('',(-0.02723,-0.0005,-0.002));
#2450=CARTESIAN_POINT('',(-0.02723,-0.0005,-0.001));
#2451=CARTESIAN_POINT('',(-0.02723,-0.0005,0.));
#2452=CARTESIAN_POINT('',(-0.02773,-0.0005,0.));
#2453=CARTESIAN_POINT('',(-0.02823,-0.0005,0.));
#2454=CARTESIAN_POINT('',(-0.02823,-0.0005,0.019));
#2455=CARTESIAN_POINT('',(-0.02823,-0.0005,0.00151));
#2456=CARTESIAN_POINT('',(-0.02794,-0.0005,0.00151));
#2457=CARTESIAN_POINT('',(-0.02788,-0.0005,0.00151));
#2458=CARTESIAN_POINT('',(-0.028055,-0.0005,0.00181310889132456));
#2459=CARTESIAN_POINT('',(-0.02823,-0.0005,0.00211621778264911));
#2460=CARTESIAN_POINT('',(-0.02823,-0.0005,0.019));
#2461=CARTESIAN_POINT('',(-0.02823,-0.0005,0.018));
#2462=CARTESIAN_POINT('',(-0.013865,-0.0005,0.018));
#2463=CARTESIAN_POINT('',(0.000500000000000008,-0.0005,0.018));
#2464=CARTESIAN_POINT('',(0.000500000000000008,-0.0005,0.019));
#2465=CARTESIAN_POINT('',(-0.02823,0.03946,0.019));
#2466=CARTESIAN_POINT('',(-0.02823,0.0545,0.00211621778264911));
#2467=CARTESIAN_POINT('',(-0.02823,0.0545,0.00211621778264911));
#2468=CARTESIAN_POINT('',(-0.02823,0.0545,0.019));
#2469=CARTESIAN_POINT('',(-0.02823,0.0545,0.00151));
#2470=CARTESIAN_POINT('',(-0.02823,0.0545,0.00151));
#2471=CARTESIAN_POINT('',(-0.02823,0.079422,0.));
#2472=CARTESIAN_POINT('',(-0.02823,0.07942,0.));
#2473=CARTESIAN_POINT('',(-0.02823,0.07942,0.019));
#2474=CARTESIAN_POINT('',(-0.02823,0.07942,0.018));
#2475=CARTESIAN_POINT('',(-0.02823,0.03946,0.018));
#2476=CARTESIAN_POINT('',(-0.02823,0.06842,0.018));
#2477=CARTESIAN_POINT('',(-0.02823,0.06842,0.012));
#2478=CARTESIAN_POINT('',(-0.02823,0.06842,0.005));
#2479=CARTESIAN_POINT('',(-0.02823,0.06442,0.005));
#2480=CARTESIAN_POINT('',(-0.02823,0.06442,0.001));
#2481=CARTESIAN_POINT('',(-0.02823,0.06392,0.001));
#2482=CARTESIAN_POINT('',(-0.02823,0.06342,0.001));
#2483=CARTESIAN_POINT('',(-0.02823,0.06342,0.005));
#2484=CARTESIAN_POINT('',(-0.02823,0.05942,0.005));
#2485=CARTESIAN_POINT('',(-0.02823,0.05942,0.012));
#2486=CARTESIAN_POINT('',(-0.02823,0.05942,0.018));
#2487=CARTESIAN_POINT('',(-0.02823,0.03946,0.018));
#2488=CARTESIAN_POINT('',(-0.013865,0.07942,0.019));
#2489=CARTESIAN_POINT('',(-0.02773,0.07942,0.));
#2490=CARTESIAN_POINT('',(-0.02723,0.07942,0.));
#2491=CARTESIAN_POINT('',(-0.02723,0.07942,-0.001));
#2492=CARTESIAN_POINT('',(-0.02723,0.07942,-0.002));
#2493=CARTESIAN_POINT('',(-0.013865,0.07942,-0.002));
#2494=CARTESIAN_POINT('',(-0.0005,0.07942,-0.002));
#2495=CARTESIAN_POINT('',(-0.0005,0.07942,-0.001));
#2496=CARTESIAN_POINT('',(-0.0005,0.07942,0.));
#2497=CARTESIAN_POINT('',(-1.62831844828659E-18,0.07942,0.));
#2498=CARTESIAN_POINT('',(0.000499999999999994,0.07942,0.));
#2499=CARTESIAN_POINT('',(0.000499999999999994,0.07942,0.019));
#2500=CARTESIAN_POINT('',(0.000499999999999994,0.07942,0.018));
#2501=CARTESIAN_POINT('',(-0.013865,0.07942,0.018));
#2502=CARTESIAN_POINT('',(-0.0025,0.07942,0.018));
#2503=CARTESIAN_POINT('',(-0.0025,0.07942,0.017));
#2504=CARTESIAN_POINT('',(-0.0015,0.07942,0.017));
#2505=CARTESIAN_POINT('',(-0.0015,0.07942,0.015));
#2506=CARTESIAN_POINT('',(-0.0015,0.07942,0.013));
#2507=CARTESIAN_POINT('',(-0.0025,0.07942,0.013));
#2508=CARTESIAN_POINT('',(-0.0025,0.07942,0.012));
#2509=CARTESIAN_POINT('',(-0.0075,0.07942,0.012));
#2510=CARTESIAN_POINT('',(-0.0125,0.07942,0.012));
#2511=CARTESIAN_POINT('',(-0.0125,0.07942,0.013));
#2512=CARTESIAN_POINT('',(-0.0135,0.07942,0.013));
#2513=CARTESIAN_POINT('',(-0.0135,0.07942,0.015));
#2514=CARTESIAN_POINT('',(-0.0135,0.07942,0.017));
#2515=CARTESIAN_POINT('',(-0.0125,0.07942,0.017));
#2516=CARTESIAN_POINT('',(-0.0125,0.07942,0.018));
#2517=CARTESIAN_POINT('',(-0.013865,0.07942,0.018));
#2518=CARTESIAN_POINT('',(0.0005,0.03946,0.019));
#2519=CARTESIAN_POINT('',(0.0005,0.0545,0.00151));
#2520=CARTESIAN_POINT('',(0.0005,0.0545,0.00151));
#2521=CARTESIAN_POINT('',(0.0005,0.0545,0.019));
#2522=CARTESIAN_POINT('',(0.0005,0.0545,0.00246262794416288));
#2523=CARTESIAN_POINT('',(0.0005,0.0545,0.00246262794416288));
#2524=CARTESIAN_POINT('',(0.0005,0.03946,0.018));
#2525=CARTESIAN_POINT('',(0.0005,0.079422,0.));
#2526=CARTESIAN_POINT('',(0.0005,0.05342,0.0115));
#2527=CARTESIAN_POINT('',(0.0005,0.05342,0.0085));
#2528=CARTESIAN_POINT('',(0.0005,0.05342,0.0145));
#2529=CARTESIAN_POINT('',(0.0005,0.06342,0.0085));
#2530=CARTESIAN_POINT('',(0.000499999999999994,0.07342,0.0085));
#2531=CARTESIAN_POINT('',(0.000499999999999994,0.07342,0.0115));
#2532=CARTESIAN_POINT('',(0.0005,0.07342,0.0145));
#2533=CARTESIAN_POINT('',(0.0005,0.06342,0.0145));
#2534=CARTESIAN_POINT('',(-0.013865,0.03946,-0.002));
#2535=CARTESIAN_POINT('',(-0.010865,0.06792,-0.002));
#2536=CARTESIAN_POINT('',(-0.010865,0.06892,-0.002));
#2537=CARTESIAN_POINT('',(-0.009865,0.06792,-0.002));
#2538=CARTESIAN_POINT('',(-0.009865,0.06492,-0.002));
#2539=CARTESIAN_POINT('',(-0.009865,0.06192,-0.002));
#2540=CARTESIAN_POINT('',(-0.010865,0.06192,-0.002));
#2541=CARTESIAN_POINT('',(-0.010865,0.06092,-0.002));
#2542=CARTESIAN_POINT('',(-0.013865,0.06092,-0.002));
#2543=CARTESIAN_POINT('',(-0.016865,0.06092,-0.002));
#2544=CARTESIAN_POINT('',(-0.016865,0.06192,-0.002));
#2545=CARTESIAN_POINT('',(-0.017865,0.06192,-0.002));
#2546=CARTESIAN_POINT('',(-0.017865,0.06492,-0.002));
#2547=CARTESIAN_POINT('',(-0.017865,0.06792,-0.002));
#2548=CARTESIAN_POINT('',(-0.016865,0.06792,-0.002));
#2549=CARTESIAN_POINT('',(-0.016865,0.06892,-0.002));
#2550=CARTESIAN_POINT('',(-0.013865,0.06892,-0.002));
#2551=CARTESIAN_POINT('',(-0.02723,0.079422,-0.002));
#2552=CARTESIAN_POINT('',(-0.0005,0.079422,-0.002));
#2553=CARTESIAN_POINT('',(-0.02323,0.08192,-0.004502));
#2554=CARTESIAN_POINT('',(-0.02323,0.08192,-0.0045));
#2555=CARTESIAN_POINT('',(-0.02408,0.08192,-0.0045));
#2556=CARTESIAN_POINT('',(-0.02323,0.08192,0.018));
#2557=CARTESIAN_POINT('',(-0.02238,0.08192,0.018));
#2558=CARTESIAN_POINT('',(0.003,0.03946,-0.004502));
#2559=CARTESIAN_POINT('',(0.003,0.03946,-0.0045));
#2560=CARTESIAN_POINT('',(0.00215,0.03946,-0.0045));
#2561=CARTESIAN_POINT('',(0.003,0.03946,0.018));
#2562=CARTESIAN_POINT('',(0.00385,0.03946,0.018));
#2563=CARTESIAN_POINT('',(-0.02323,-0.003,-0.004502));
#2564=CARTESIAN_POINT('',(-0.02323,-0.003,-0.0045));
#2565=CARTESIAN_POINT('',(-0.02408,-0.003,-0.0045));
#2566=CARTESIAN_POINT('',(-0.02323,-0.003,0.018));
#2567=CARTESIAN_POINT('',(-0.02238,-0.003,0.018));
#2568=CARTESIAN_POINT('',(-0.013865,0.08192,0.019));
#2569=CARTESIAN_POINT('',(-0.013865,0.08192,-0.0045));
#2570=CARTESIAN_POINT('',(-0.02823,0.08192,-0.0045));
#2571=CARTESIAN_POINT('',(-0.02873,0.08192,-0.0045));
#2572=CARTESIAN_POINT('',(-0.02873,0.08192,0.019));
#2573=CARTESIAN_POINT('',(-0.02873,0.08192,0.019));
#2574=CARTESIAN_POINT('',(-0.013865,0.08192,0.019));
#2575=CARTESIAN_POINT('',(-0.02823,0.08192,0.019));
#2576=CARTESIAN_POINT('',(-0.02823,0.08192,-0.004502));
#2577=CARTESIAN_POINT('',(0.003,0.03946,0.019));
#2578=CARTESIAN_POINT('',(0.003,0.05342,0.0075));
#2579=CARTESIAN_POINT('',(0.003,0.07442,0.0075));
#2580=CARTESIAN_POINT('',(0.003,0.05242,0.0075));
#2581=CARTESIAN_POINT('',(0.003,0.05242,0.0145));
#2582=CARTESIAN_POINT('',(0.003,0.05242,0.0155));
#2583=CARTESIAN_POINT('',(0.003,0.03946,0.0155));
#2584=CARTESIAN_POINT('',(0.003,0.07442,0.0155));
#2585=CARTESIAN_POINT('',(0.003,0.07442,0.019));
#2586=CARTESIAN_POINT('',(0.003,0.03946,-0.0045));
#2587=CARTESIAN_POINT('',(0.003,0.04446,-0.0045));
#2588=CARTESIAN_POINT('',(0.003,0.07992,-0.0045));
#2589=CARTESIAN_POINT('',(0.003,0.07992,0.019));
#2590=CARTESIAN_POINT('',(0.003,0.07992,0.019));
#2591=CARTESIAN_POINT('',(0.003,0.03946,0.019));
#2592=CARTESIAN_POINT('',(0.003,0.04446,0.019));
#2593=CARTESIAN_POINT('',(0.003,0.04446,-0.004502));
#2594=CARTESIAN_POINT('',(-0.013865,-0.003,0.019));
#2595=CARTESIAN_POINT('',(-0.013865,-0.003,0.019));
#2596=CARTESIAN_POINT('',(-0.02823,-0.003,0.019));
#2597=CARTESIAN_POINT('',(-0.02873,-0.003,0.019));
#2598=CARTESIAN_POINT('',(-0.02873,-0.003,0.019));
#2599=CARTESIAN_POINT('',(-0.02873,-0.003,-0.0045));
#2600=CARTESIAN_POINT('',(-0.013865,-0.003,-0.0045));
#2601=CARTESIAN_POINT('',(-0.02823,-0.003,-0.0045));
#2602=CARTESIAN_POINT('',(-0.02823,-0.003,-0.004502));
#2603=CARTESIAN_POINT('',(-0.013865,0.08192,0.019));
#2604=CARTESIAN_POINT('',(-0.013865,0.08192,0.019));
#2605=CARTESIAN_POINT('',(0.001,0.08192,0.019));
#2606=CARTESIAN_POINT('',(-0.01823,0.08192,0.019));
#2607=CARTESIAN_POINT('',(0.001,0.08192,0.019));
#2608=CARTESIAN_POINT('',(0.001,0.08192,-0.0045));
#2609=CARTESIAN_POINT('',(-0.013865,0.08192,-0.0045));
#2610=CARTESIAN_POINT('',(-0.01823,0.08192,-0.0045));
#2611=CARTESIAN_POINT('',(-0.01823,0.08192,-0.004502));
#2612=CARTESIAN_POINT('',(-0.0025,0.08192,0.013));
#2613=CARTESIAN_POINT('',(-0.0015,0.08192,0.013));
#2614=CARTESIAN_POINT('',(-0.0025,0.08192,0.012));
#2615=CARTESIAN_POINT('',(-0.0015,0.08192,0.015));
#2616=CARTESIAN_POINT('',(-0.0015,0.08192,0.017));
#2617=CARTESIAN_POINT('',(-0.0025,0.08192,0.017));
#2618=CARTESIAN_POINT('',(-0.0025,0.08192,0.018));
#2619=CARTESIAN_POINT('',(-0.0075,0.08192,0.018));
#2620=CARTESIAN_POINT('',(-0.0125,0.08192,0.018));
#2621=CARTESIAN_POINT('',(-0.0125,0.08192,0.017));
#2622=CARTESIAN_POINT('',(-0.0135,0.08192,0.017));
#2623=CARTESIAN_POINT('',(-0.0135,0.08192,0.015));
#2624=CARTESIAN_POINT('',(-0.0135,0.08192,0.013));
#2625=CARTESIAN_POINT('',(-0.0125,0.08192,0.013));
#2626=CARTESIAN_POINT('',(-0.0125,0.08192,0.012));
#2627=CARTESIAN_POINT('',(-0.0075,0.08192,0.012));
#2628=CARTESIAN_POINT('',(0.003,0.03946,0.019));
#2629=CARTESIAN_POINT('',(0.003,0.03946,0.019));
#2630=CARTESIAN_POINT('',(0.003,-0.001,0.019));
#2631=CARTESIAN_POINT('',(0.003,0.03446,0.019));
#2632=CARTESIAN_POINT('',(0.003,-0.001,-0.0045));
#2633=CARTESIAN_POINT('',(0.003,-0.001,-0.0045));
#2634=CARTESIAN_POINT('',(0.003,0.03946,-0.0045));
#2635=CARTESIAN_POINT('',(0.003,0.03446,-0.0045));
#2636=CARTESIAN_POINT('',(0.003,0.03446,-0.004502));
#2637=CARTESIAN_POINT('',(-0.013865,0.03946,0.019));
#2638=CARTESIAN_POINT('',(-0.013865,-0.003,0.019));
#2639=CARTESIAN_POINT('',(0.001,-0.003,0.019));
#2640=CARTESIAN_POINT('',(-0.01823,-0.003,0.019));
#2641=CARTESIAN_POINT('',(0.001,-0.001,0.019));
#2642=CARTESIAN_POINT('',(0.003,0.03946,0.019));
#2643=CARTESIAN_POINT('',(0.001,0.07992,0.019));
#2644=CARTESIAN_POINT('',(-0.02323,0.08192,0.019));
#2645=CARTESIAN_POINT('',(-0.02873,0.07992,0.019));
#2646=CARTESIAN_POINT('',(-0.03073,0.07992,0.019));
#2647=CARTESIAN_POINT('',(-0.03073,0.03946,0.019));
#2648=CARTESIAN_POINT('',(-0.03073,0.06842,0.019));
#2649=CARTESIAN_POINT('',(-0.028228,0.06842,0.019));
#2650=CARTESIAN_POINT('',(-0.02923,0.06842,0.019));
#2651=CARTESIAN_POINT('',(-0.02923,0.03946,0.019));
#2652=CARTESIAN_POINT('',(-0.02923,0.08042,0.019));
#2653=CARTESIAN_POINT('',(-0.02773,0.08042,0.019));
#2654=CARTESIAN_POINT('',(-0.02623,0.08042,0.019));
#2655=CARTESIAN_POINT('',(-0.02623,0.08117,0.019));
#2656=CARTESIAN_POINT('',(-0.02623,0.08192,0.019));
#2657=CARTESIAN_POINT('',(-0.02323,0.08192,0.019));
#2658=CARTESIAN_POINT('',(-0.02023,0.08192,0.019));
#2659=CARTESIAN_POINT('',(-0.02023,0.08117,0.019));
#2660=CARTESIAN_POINT('',(-0.02023,0.08042,0.019));
#2661=CARTESIAN_POINT('',(-0.009365,0.08042,0.019));
#2662=CARTESIAN_POINT('',(0.0015,0.08042,0.019));
#2663=CARTESIAN_POINT('',(0.0015,0.06144,0.019));
#2664=CARTESIAN_POINT('',(0.0015,0.04246,0.019));
#2665=CARTESIAN_POINT('',(0.00225,0.04246,0.019));
#2666=CARTESIAN_POINT('',(0.003,0.04246,0.019));
#2667=CARTESIAN_POINT('',(0.003,0.03946,0.019));
#2668=CARTESIAN_POINT('',(0.003,0.03646,0.019));
#2669=CARTESIAN_POINT('',(0.00225,0.03646,0.019));
#2670=CARTESIAN_POINT('',(0.0015,0.03646,0.019));
#2671=CARTESIAN_POINT('',(0.0015,0.01748,0.019));
#2672=CARTESIAN_POINT('',(0.0015,-0.0015,0.019));
#2673=CARTESIAN_POINT('',(-0.009365,-0.0015,0.019));
#2674=CARTESIAN_POINT('',(-0.02023,-0.0015,0.019));
#2675=CARTESIAN_POINT('',(-0.02023,-0.00225,0.019));
#2676=CARTESIAN_POINT('',(-0.02023,-0.003,0.019));
#2677=CARTESIAN_POINT('',(-0.02323,-0.003,0.019));
#2678=CARTESIAN_POINT('',(-0.02623,-0.003,0.019));
#2679=CARTESIAN_POINT('',(-0.02623,-0.00225,0.019));
#2680=CARTESIAN_POINT('',(-0.02623,-0.0015,0.019));
#2681=CARTESIAN_POINT('',(-0.02773,-0.0015,0.019));
#2682=CARTESIAN_POINT('',(-0.02923,-0.0015,0.019));
#2683=CARTESIAN_POINT('',(-0.02923,0.03946,0.019));
#2684=CARTESIAN_POINT('',(-0.02923,0.05942,0.019));
#2685=CARTESIAN_POINT('',(-0.028228,0.05942,0.019));
#2686=CARTESIAN_POINT('',(-0.03073,0.05942,0.019));
#2687=CARTESIAN_POINT('',(-0.03073,0.03946,0.019));
#2688=CARTESIAN_POINT('',(-0.03073,-0.001,0.019));
#2689=CARTESIAN_POINT('',(-0.02873,-0.001,0.019));
#2690=CARTESIAN_POINT('',(-0.02323,-0.003,0.019));
#2691=CARTESIAN_POINT('',(-0.03073,0.03946,0.019));
#2692=CARTESIAN_POINT('',(-0.03073,0.03946,-0.0045));
#2693=CARTESIAN_POINT('',(-0.03073,-0.001,-0.0045));
#2694=CARTESIAN_POINT('',(-0.03073,0.07992,-0.0045));
#2695=CARTESIAN_POINT('',(-0.03073,-0.001,0.019));
#2696=CARTESIAN_POINT('',(-0.03073,0.05942,0.012));
#2697=CARTESIAN_POINT('',(-0.03073,0.05942,0.005));
#2698=CARTESIAN_POINT('',(-0.03073,0.06342,0.005));
#2699=CARTESIAN_POINT('',(-0.03073,0.06342,0.001));
#2700=CARTESIAN_POINT('',(-0.03073,0.06392,0.001));
#2701=CARTESIAN_POINT('',(-0.03073,0.06442,0.001));
#2702=CARTESIAN_POINT('',(-0.03073,0.06442,0.005));
#2703=CARTESIAN_POINT('',(-0.03073,0.06842,0.005));
#2704=CARTESIAN_POINT('',(-0.03073,0.06842,0.012));
#2705=CARTESIAN_POINT('',(-0.03073,0.07992,-0.0045));
#2706=CARTESIAN_POINT('',(-0.013865,-0.003,0.019));
#2707=CARTESIAN_POINT('',(-0.013865,-0.003,-0.0045));
#2708=CARTESIAN_POINT('',(0.001,-0.003,-0.0045));
#2709=CARTESIAN_POINT('',(-0.01823,-0.003,-0.0045));
#2710=CARTESIAN_POINT('',(0.001,-0.003,0.019));
#2711=CARTESIAN_POINT('',(-0.01823,-0.003,-0.004502));
#2712=CARTESIAN_POINT('',(-0.013865,-0.003,0.0065));
#2713=CARTESIAN_POINT('',(-0.015,-0.003,0.0065));
#2714=CARTESIAN_POINT('',(-0.001,-0.003,0.0065));
#2715=CARTESIAN_POINT('',(-0.001,-0.003,0.019));
#2716=CARTESIAN_POINT('',(-0.001,-0.003,-0.0005));
#2717=CARTESIAN_POINT('',(-0.014,-0.003,-0.0005));
#2718=CARTESIAN_POINT('',(-0.015,-0.003,-0.0005));
#2719=CARTESIAN_POINT('',(-0.015,-0.003,0.0055));
#2720=CARTESIAN_POINT('',(0.000498,0.06342,0.0085));
#2721=CARTESIAN_POINT('',(0.000498,0.05342,0.0085));
#2722=CARTESIAN_POINT('',(0.002,0.05342,0.0085));
#2723=CARTESIAN_POINT('',(0.002,0.07342,0.0085));
#2724=CARTESIAN_POINT('',(0.002,0.07342,0.0085));
#2725=CARTESIAN_POINT('',(0.000498,0.07342,0.0085));
#2726=CARTESIAN_POINT('',(0.000498,0.07342,0.0115));
#2727=CARTESIAN_POINT('',(0.002,0.07342,0.0115));
#2728=CARTESIAN_POINT('',(0.002,0.07342,0.0145));
#2729=CARTESIAN_POINT('',(0.000498,0.07342,0.0145));
#2730=CARTESIAN_POINT('',(0.000498,0.06342,0.0145));
#2731=CARTESIAN_POINT('',(0.002,0.06342,0.0145));
#2732=CARTESIAN_POINT('',(0.002,0.05342,0.0145));
#2733=CARTESIAN_POINT('',(0.000498,0.05342,0.0145));
#2734=CARTESIAN_POINT('',(0.000498,0.05342,0.0115));
#2735=CARTESIAN_POINT('',(0.002,0.05342,0.0085));
#2736=CARTESIAN_POINT('',(0.002,0.07342,0.0115));
#2737=CARTESIAN_POINT('',(0.001,0.07242,0.0135));
#2738=CARTESIAN_POINT('',(-0.00865333333333333,0.0627666666666666,0.0191533333333333));
#2739=CARTESIAN_POINT('',(0.003,0.03946,0.0075));
#2740=CARTESIAN_POINT('',(-0.000833333333333336,0.0562533333333333,0.0113333333333333));
#2741=CARTESIAN_POINT('',(0.002,0.06342,0.0145));
#2742=CARTESIAN_POINT('',(0.00416666666666666,0.0512533333333333,0.0166666666666666));
#2743=CARTESIAN_POINT('',(0.003,0.05242,0.019));
#2744=CARTESIAN_POINT('',(-0.0025,0.079418,0.013));
#2745=CARTESIAN_POINT('',(-0.0015,0.079418,0.013));
#2746=CARTESIAN_POINT('',(-0.0025,0.079418,0.012));
#2747=CARTESIAN_POINT('',(-0.0075,0.079418,0.012));
#2748=CARTESIAN_POINT('',(-0.0125,0.079418,0.012));
#2749=CARTESIAN_POINT('',(-0.0125,0.079418,0.013));
#2750=CARTESIAN_POINT('',(-0.0135,0.079418,0.013));
#2751=CARTESIAN_POINT('',(-0.0135,0.079418,0.015));
#2752=CARTESIAN_POINT('',(-0.0135,0.079418,0.017));
#2753=CARTESIAN_POINT('',(-0.0125,0.079418,0.017));
#2754=CARTESIAN_POINT('',(-0.0125,0.079418,0.018));
#2755=CARTESIAN_POINT('',(-0.0125,0.08042,0.018));
#2756=CARTESIAN_POINT('',(-0.0125,0.079418,0.018));
#2757=CARTESIAN_POINT('',(-0.0015,0.079418,0.015));
#2758=CARTESIAN_POINT('',(-0.0015,0.079418,0.017));
#2759=CARTESIAN_POINT('',(-0.0075,0.079418,0.018));
#2760=CARTESIAN_POINT('',(-0.009365,0.08042,0.018));
#2761=CARTESIAN_POINT('',(-0.0025,0.08042,0.018));
#2762=CARTESIAN_POINT('',(-0.0025,0.079418,0.018));
#2763=CARTESIAN_POINT('',(-0.0025,0.079418,0.017));
#2764=CARTESIAN_POINT('',(-0.0025,0.079418,0.018));
#2765=CARTESIAN_POINT('',(-0.002,-0.000498,0.003));
#2766=CARTESIAN_POINT('',(-0.002,-0.000498,0.0005));
#2767=CARTESIAN_POINT('',(-0.002,-0.002,0.0005));
#2768=CARTESIAN_POINT('',(-0.002,-0.002,0.003));
#2769=CARTESIAN_POINT('',(-0.002,-0.002,0.0055));
#2770=CARTESIAN_POINT('',(-0.002,-0.000498,0.0055));
#2771=CARTESIAN_POINT('',(-0.008,-0.000498,0.0005));
#2772=CARTESIAN_POINT('',(-0.014,-0.000498,0.0005));
#2773=CARTESIAN_POINT('',(-0.014,-0.002,0.0005));
#2774=CARTESIAN_POINT('',(-0.002,-0.002,0.0005));
#2775=CARTESIAN_POINT('',(-0.008,-0.000498,0.0055));
#2776=CARTESIAN_POINT('',(-0.008,-0.002,0.0055));
#2777=CARTESIAN_POINT('',(-0.014,-0.002,0.0055));
#2778=CARTESIAN_POINT('',(-0.014,-0.000498,0.0055));
#2779=CARTESIAN_POINT('',(-0.014,-0.000498,0.003));
#2780=CARTESIAN_POINT('',(-0.014,-0.002,0.0005));
#2781=CARTESIAN_POINT('',(-0.014,-0.002,0.003));
#2782=CARTESIAN_POINT('',(-0.0131666666666667,-0.00116666666666667,0.00133333333333333));
#2783=CARTESIAN_POINT('',(-0.0146216666666666,-0.00262166666666665,0.00612166666666666));
#2784=CARTESIAN_POINT('',(-0.013865,-0.003,0.0065));
#2785=CARTESIAN_POINT('',(0.00316666666666667,-0.00716666666666667,0.0106666666666667));
#2786=CARTESIAN_POINT('',(-0.008,-0.002,0.0005));
#2787=CARTESIAN_POINT('',(-0.0075,0.0035,0.006));
#2788=CARTESIAN_POINT('',(-0.001,-0.003,0.019));
#2789=CARTESIAN_POINT('',(-0.028228,0.05942,0.012));
#2790=CARTESIAN_POINT('',(-0.028228,0.05942,0.018));
#2791=CARTESIAN_POINT('',(-0.02923,0.05942,0.018));
#2792=CARTESIAN_POINT('',(-0.028228,0.05942,0.005));
#2793=CARTESIAN_POINT('',(-0.02923,0.05942,0.018));
#2794=CARTESIAN_POINT('',(-0.028228,0.06342,0.005));
#2795=CARTESIAN_POINT('',(-0.028228,0.06342,0.001));
#2796=CARTESIAN_POINT('',(-0.028228,0.06392,0.001));
#2797=CARTESIAN_POINT('',(-0.028228,0.06442,0.001));
#2798=CARTESIAN_POINT('',(-0.028228,0.06442,0.005));
#2799=CARTESIAN_POINT('',(-0.028228,0.06842,0.005));
#2800=CARTESIAN_POINT('',(-0.028228,0.06842,0.012));
#2801=CARTESIAN_POINT('',(-0.028228,0.06842,0.018));
#2802=CARTESIAN_POINT('',(-0.02923,0.06842,0.018));
#2803=CARTESIAN_POINT('',(-0.02923,0.06842,0.018));
#2804=CARTESIAN_POINT('',(-0.013865,0.03946,-0.0045));
#2805=CARTESIAN_POINT('',(-0.010865,0.06192,-0.0045));
#2806=CARTESIAN_POINT('',(-0.009865,0.06192,-0.0045));
#2807=CARTESIAN_POINT('',(-0.010865,0.06092,-0.0045));
#2808=CARTESIAN_POINT('',(-0.009865,0.06492,-0.0045));
#2809=CARTESIAN_POINT('',(-0.009865,0.06792,-0.0045));
#2810=CARTESIAN_POINT('',(-0.010865,0.06792,-0.0045));
#2811=CARTESIAN_POINT('',(-0.010865,0.06892,-0.0045));
#2812=CARTESIAN_POINT('',(-0.013865,0.06892,-0.0045));
#2813=CARTESIAN_POINT('',(-0.016865,0.06892,-0.0045));
#2814=CARTESIAN_POINT('',(-0.016865,0.06792,-0.0045));
#2815=CARTESIAN_POINT('',(-0.017865,0.06792,-0.0045));
#2816=CARTESIAN_POINT('',(-0.017865,0.06492,-0.0045));
#2817=CARTESIAN_POINT('',(-0.017865,0.06192,-0.0045));
#2818=CARTESIAN_POINT('',(-0.016865,0.06192,-0.0045));
#2819=CARTESIAN_POINT('',(-0.016865,0.06092,-0.0045));
#2820=CARTESIAN_POINT('',(-0.013865,0.06092,-0.0045));
#2821=CARTESIAN_POINT('',(0.001,-0.001,-0.0045));
#2822=CARTESIAN_POINT('',(-0.02323,-0.003,-0.0045));
#2823=CARTESIAN_POINT('',(-0.02873,-0.001,-0.0045));
#2824=CARTESIAN_POINT('',(-0.02873,0.07992,-0.0045));
#2825=CARTESIAN_POINT('',(-0.02323,0.08192,-0.0045));
#2826=CARTESIAN_POINT('',(0.001,0.07992,-0.0045));
#2827=CARTESIAN_POINT('',(0.003,0.03946,-0.0045));
#2828=CARTESIAN_POINT('',(-0.02323,-0.003,-0.004502));
#2829=CARTESIAN_POINT('',(0.003,0.03946,-0.004502));
#2830=CARTESIAN_POINT('',(-0.02323,0.08192,-0.004502));
#2831=CARTESIAN_POINT('',(-0.012365,0.03946,0.018));
#2832=CARTESIAN_POINT('',(-0.009365,0.08042,0.018));
#2833=CARTESIAN_POINT('',(-0.02023,0.08042,0.018));
#2834=CARTESIAN_POINT('',(-0.02023,0.08117,0.018));
#2835=CARTESIAN_POINT('',(-0.02023,0.08192,0.018));
#2836=CARTESIAN_POINT('',(-0.02323,0.08192,0.018));
#2837=CARTESIAN_POINT('',(-0.02623,0.08192,0.018));
#2838=CARTESIAN_POINT('',(-0.02623,0.08117,0.018));
#2839=CARTESIAN_POINT('',(-0.02623,0.08042,0.018));
#2840=CARTESIAN_POINT('',(-0.02773,0.08042,0.018));
#2841=CARTESIAN_POINT('',(-0.02923,0.08042,0.018));
#2842=CARTESIAN_POINT('',(-0.02923,0.03946,0.018));
#2843=CARTESIAN_POINT('',(-0.012365,0.03946,0.018));
#2844=CARTESIAN_POINT('',(-0.02923,0.03946,0.018));
#2845=CARTESIAN_POINT('',(-0.02923,-0.0015,0.018));
#2846=CARTESIAN_POINT('',(-0.02773,-0.0015,0.018));
#2847=CARTESIAN_POINT('',(-0.02623,-0.0015,0.018));
#2848=CARTESIAN_POINT('',(-0.02623,-0.00225,0.018));
#2849=CARTESIAN_POINT('',(-0.02623,-0.003,0.018));
#2850=CARTESIAN_POINT('',(-0.02323,-0.003,0.018));
#2851=CARTESIAN_POINT('',(-0.02023,-0.003,0.018));
#2852=CARTESIAN_POINT('',(-0.02023,-0.00225,0.018));
#2853=CARTESIAN_POINT('',(-0.02023,-0.0015,0.018));
#2854=CARTESIAN_POINT('',(-0.009365,-0.0015,0.018));
#2855=CARTESIAN_POINT('',(0.0015,-0.0015,0.018));
#2856=CARTESIAN_POINT('',(0.0015,0.01748,0.018));
#2857=CARTESIAN_POINT('',(0.0015,0.03646,0.018));
#2858=CARTESIAN_POINT('',(0.00225,0.03646,0.018));
#2859=CARTESIAN_POINT('',(0.003,0.03646,0.018));
#2860=CARTESIAN_POINT('',(0.003,0.03946,0.018));
#2861=CARTESIAN_POINT('',(0.003,0.04246,0.018));
#2862=CARTESIAN_POINT('',(0.00225,0.04246,0.018));
#2863=CARTESIAN_POINT('',(0.0015,0.04246,0.018));
#2864=CARTESIAN_POINT('',(0.0015,0.06144,0.018));
#2865=CARTESIAN_POINT('',(0.0015,0.08042,0.018));
#2866=CARTESIAN_POINT('',(-0.009365,0.08042,0.018));
#2867=CARTESIAN_POINT('',(0.0015,0.01748,0.018));
#2868=CARTESIAN_POINT('',(0.0015,0.03646,0.018));
#2869=CARTESIAN_POINT('',(0.0015,-0.0015,0.018));
#2870=CARTESIAN_POINT('',(0.00225,0.03646,0.018));
#2871=CARTESIAN_POINT('',(0.003,0.03646,0.018));
#2872=CARTESIAN_POINT('',(0.003,0.03946,0.018));
#2873=CARTESIAN_POINT('',(0.003,0.04246,0.018));
#2874=CARTESIAN_POINT('',(0.00225,0.04246,0.018));
#2875=CARTESIAN_POINT('',(0.0015,0.04246,0.018));
#2876=CARTESIAN_POINT('',(0.0015,0.06144,0.018));
#2877=CARTESIAN_POINT('',(0.0015,0.08042,0.018));
#2878=CARTESIAN_POINT('',(-0.009365,0.08042,0.018));
#2879=CARTESIAN_POINT('',(-0.02023,0.08042,0.018));
#2880=CARTESIAN_POINT('',(-0.02023,0.08117,0.018));
#2881=CARTESIAN_POINT('',(-0.02023,0.08192,0.018));
#2882=CARTESIAN_POINT('',(-0.02323,0.08192,0.018));
#2883=CARTESIAN_POINT('',(-0.02623,0.08192,0.018));
#2884=CARTESIAN_POINT('',(-0.02623,0.08117,0.018));
#2885=CARTESIAN_POINT('',(-0.02623,0.08042,0.018));
#2886=CARTESIAN_POINT('',(-0.02773,0.08042,0.018));
#2887=CARTESIAN_POINT('',(-0.02923,0.08042,0.018));
#2888=CARTESIAN_POINT('',(-0.02923,0.03946,0.018));
#2889=CARTESIAN_POINT('',(-0.02923,0.03946,0.018));
#2890=CARTESIAN_POINT('',(-0.02923,-0.0015,0.018));
#2891=CARTESIAN_POINT('',(-0.02773,-0.0015,0.018));
#2892=CARTESIAN_POINT('',(-0.02623,-0.0015,0.018));
#2893=CARTESIAN_POINT('',(-0.02623,-0.00225,0.018));
#2894=CARTESIAN_POINT('',(-0.02623,-0.003,0.018));
#2895=CARTESIAN_POINT('',(-0.02323,-0.003,0.018));
#2896=CARTESIAN_POINT('',(-0.02023,-0.003,0.018));
#2897=CARTESIAN_POINT('',(-0.02023,-0.00225,0.018));
#2898=CARTESIAN_POINT('',(-0.02023,-0.0015,0.018));
#2899=CARTESIAN_POINT('',(-0.009365,-0.0015,0.018));
#2900=CARTESIAN_POINT('',(0.001,-0.001,0.019));
#2901=CARTESIAN_POINT('',(-0.02873,-0.001,0.019));
#2902=CARTESIAN_POINT('',(0.001,0.07992,0.019));
#2903=CARTESIAN_POINT('',(-0.02873,0.07992,0.019));
#2904=CARTESIAN_POINT('',(-0.0005,0.079422,-0.001));
#2905=CARTESIAN_POINT('',(-0.0005,0.079422,0.));
#2906=CARTESIAN_POINT('',(-1.62831844828659E-18,0.079422,0.));
#2907=CARTESIAN_POINT('',(-0.02723,0.079422,-0.001));
#2908=CARTESIAN_POINT('',(-0.02723,0.079422,0.));
#2909=CARTESIAN_POINT('',(-0.02773,0.079422,0.));
#2910=CARTESIAN_POINT('',(-0.028055,0.0545,0.00181310889132456));
#2911=CARTESIAN_POINT('',(-0.02788,0.0545,0.00151));
#2912=CARTESIAN_POINT('',(-0.02788,0.0545,0.00151));
#2913=CARTESIAN_POINT('',(-0.028055,0.0545,0.00181310889132456));
#2914=CARTESIAN_POINT('',(-0.02794,0.0545,0.00151));
#2915=CARTESIAN_POINT('',(-0.02794,0.0545,0.00151));
#2916=CARTESIAN_POINT('',(-0.013865,0.0545,0.008));
#2917=CARTESIAN_POINT('',(0.00025,0.0545,0.00151));
#2918=CARTESIAN_POINT('',(-5.E-5,0.0545,0.00151));
#2919=CARTESIAN_POINT('',(-5.E-5,0.0545,0.00151));
#2920=CARTESIAN_POINT('',(0.00025,0.0545,0.00151));
#2921=CARTESIAN_POINT('',(0.000225,0.0545,0.00198631397208144));
#2922=CARTESIAN_POINT('',(0.000225,0.0545,0.00198631397208144));
#2923=CARTESIAN_POINT('',(-0.013865,0.0545,0.008));
#2924=CARTESIAN_POINT('',(-0.010865,0.06192,-0.001998));
#2925=CARTESIAN_POINT('',(-0.009865,0.06192,-0.001998));
#2926=CARTESIAN_POINT('',(-0.010865,0.06092,-0.001998));
#2927=CARTESIAN_POINT('',(-0.013865,0.06092,-0.001998));
#2928=CARTESIAN_POINT('',(-0.016865,0.06092,-0.001998));
#2929=CARTESIAN_POINT('',(-0.016865,0.06192,-0.001998));
#2930=CARTESIAN_POINT('',(-0.017865,0.06192,-0.001998));
#2931=CARTESIAN_POINT('',(-0.017865,0.06492,-0.001998));
#2932=CARTESIAN_POINT('',(-0.017865,0.06792,-0.001998));
#2933=CARTESIAN_POINT('',(-0.016865,0.06792,-0.001998));
#2934=CARTESIAN_POINT('',(-0.016865,0.06892,-0.001998));
#2935=CARTESIAN_POINT('',(-0.009865,0.06492,-0.001998));
#2936=CARTESIAN_POINT('',(-0.009865,0.06792,-0.001998));
#2937=CARTESIAN_POINT('',(-0.013865,0.06892,-0.001998));
#2938=CARTESIAN_POINT('',(-0.010865,0.06892,-0.001998));
#2939=CARTESIAN_POINT('',(-0.010865,0.06792,-0.001998));
#2940=MECHANICAL_DESIGN_GEOMETRIC_PRESENTATION_REPRESENTATION('',(#1797),
#2941);
#2941=(
GEOMETRIC_REPRESENTATION_CONTEXT(3)
GLOBAL_UNCERTAINTY_ASSIGNED_CONTEXT((#2942))
GLOBAL_UNIT_ASSIGNED_CONTEXT((#2945,#2944,#2943))
REPRESENTATION_CONTEXT('boite','TOP_LEVEL_ASSEMBLY_PART')
);
#2942=UNCERTAINTY_MEASURE_WITH_UNIT(LENGTH_MEASURE(1.E-8),#2945,
'DISTANCE_ACCURACY_VALUE','Maximum Tolerance applied to model');
#2943=(
NAMED_UNIT(*)
SI_UNIT($,.STERADIAN.)
SOLID_ANGLE_UNIT()
);
#2944=(
NAMED_UNIT(*)
PLANE_ANGLE_UNIT()
SI_UNIT($,.RADIAN.)
);
#2945=(
LENGTH_UNIT()
NAMED_UNIT(*)
SI_UNIT($,.METRE.)
);
#2946=PRODUCT_DEFINITION_SHAPE('','',#2947);
#2947=PRODUCT_DEFINITION('','',#2949,#2948);
#2948=PRODUCT_DEFINITION_CONTEXT('',#2955,'design');
#2949=PRODUCT_DEFINITION_FORMATION_WITH_SPECIFIED_SOURCE('','',#2951,
 .NOT_KNOWN.);
#2950=PRODUCT_RELATED_PRODUCT_CATEGORY('','',(#2951));
#2951=PRODUCT('boite','boite','boite',(#2953));
#2952=PRODUCT_CATEGORY('','');
#2953=PRODUCT_CONTEXT('',#2955,'mechanical');
#2954=APPLICATION_PROTOCOL_DEFINITION('international standard',
'ap242_managed_model_based_3d_engineering',2011,#2955);
#2955=APPLICATION_CONTEXT('managed model based 3d engineering');
ENDSEC;
END-ISO-10303-21;
